[    9097ms] [WARNING] The resource https://m.media-amazon.com/images/I/61EhOl9i4dL.js?AUIClients/ was preloaded using link preload but not used within a few seconds from the window's load event. Please make sure it has an appropriate `as` value and it is preloaded intentionally. @ https://www.amazon.es/dp/B00UCN589S?th=1:0
[    9097ms] [WARNING] The resource https://m.media-amazon.com/images/I/51V1l-Z7zqL.js?AUIClients/ was preloaded using link preload but not used within a few seconds from the window's load event. Please make sure it has an appropriate `as` value and it is preloaded intentionally. @ https://www.amazon.es/dp/B00UCN589S?th=1:0
[    9097ms] [WARNING] The resource https://m.media-amazon.com/images/S/sash/dQmtOjc96Ff0nJe.js#sfClientUrl was preloaded using link preload but not used within a few seconds from the window's load event. Please make sure it has an appropriate `as` value and it is preloaded intentionally. @ https://www.amazon.es/dp/B00UCN589S?th=1:0
[    9097ms] [WARNING] The resource https://m.media-amazon.com/images/I/61dsgSXNixL._RC%7C01zCndFsf4L.js,01VTews5i1L.js,01edGJjT5SL.js,3191ejuFnBL.js_.js?AUIClients/ was preloaded using link preload but not used within a few seconds from the window's load event. Please make sure it has an appropriate `as` value and it is preloaded intentionally. @ https://www.amazon.es/dp/B00UCN589S?th=1:0
[    9097ms] [WARNING] The resource https://m.media-amazon.com/images/I/119lYNyqoQL.js?AUIClients/ was preloaded using link preload but not used within a few seconds from the window's load event. Please make sure it has an appropriate `as` value and it is preloaded intentionally. @ https://www.amazon.es/dp/B00UCN589S?th=1:0
[    9097ms] [WARNING] The resource https://m.media-amazon.com/images/I/51ORE2brWDL.js?AUIClients/ was preloaded using link preload but not used within a few seconds from the window's load event. Please make sure it has an appropriate `as` value and it is preloaded intentionally. @ https://www.amazon.es/dp/B00UCN589S?th=1:0
[    9097ms] [WARNING] The resource https://m.media-amazon.com/images/I/51S-qOAsDtL.js?AUIClients/ was preloaded using link preload but not used within a few seconds from the window's load event. Please make sure it has an appropriate `as` value and it is preloaded intentionally. @ https://www.amazon.es/dp/B00UCN589S?th=1:0
[    9097ms] [WARNING] The resource https://redirect.prod.experiment.routing.cloudfront.aws.a2z.com/x.png?timestamp=1789852729015 was preloaded using link preload but not used within a few seconds from the window's load event. Please make sure it has an appropriate `as` value and it is preloaded intentionally. @ https://www.amazon.es/dp/B00UCN589S?th=1:0
[    9097ms] [WARNING] The resource https://m.media-amazon.com/images/S/sash/NaRkeLk0R2VxYa6.html#sfClientHtmlUrl was preloaded using link preload but not used within a few seconds from the window's load event. Please make sure it has an appropriate `as` value and it is preloaded intentionally. @ https://www.amazon.es/dp/B00UCN589S?th=1:0
[    9097ms] [WARNING] The resource https://m.media-amazon.com/images/I/31lqqqMDjxL.js?AUIClients/ was preloaded using link preload but not used within a few seconds from the window's load event. Please make sure it has an appropriate `as` value and it is preloaded intentionally. @ https://www.amazon.es/dp/B00UCN589S?th=1:0
[    9097ms] [WARNING] The resource https://m.media-amazon.com/images/I/61n4ZyS8spL._RC%7C81QrR5UkbfL.js,31jsB13JlVL.js_.js?AUIClients/ was preloaded using link preload but not used within a few seconds from the window's load event. Please make sure it has an appropriate `as` value and it is preloaded intentionally. @ https://www.amazon.es/dp/B00UCN589S?th=1:0
[   13029ms] [WARNING] The resource https://m.media-amazon.com/images/I/61EhOl9i4dL.js?AUIClients/ was preloaded using link preload but not used within a few seconds from the window's load event. Please make sure it has an appropriate `as` value and it is preloaded intentionally. @ https://www.amazon.es/dp/B00UCN589S?th=1:0
[   13029ms] [WARNING] The resource https://m.media-amazon.com/images/I/51V1l-Z7zqL.js?AUIClients/ was preloaded using link preload but not used within a few seconds from the window's load event. Please make sure it has an appropriate `as` value and it is preloaded intentionally. @ https://www.amazon.es/dp/B00UCN589S?th=1:0
[   13029ms] [WARNING] The resource https://m.media-amazon.com/images/S/sash/dQmtOjc96Ff0nJe.js#sfClientUrl was preloaded using link preload but not used within a few seconds from the window's load event. Please make sure it has an appropriate `as` value and it is preloaded intentionally. @ https://www.amazon.es/dp/B00UCN589S?th=1:0
[   13029ms] [WARNING] The resource https://m.media-amazon.com/images/I/61dsgSXNixL._RC%7C01zCndFsf4L.js,01VTews5i1L.js,01edGJjT5SL.js,3191ejuFnBL.js_.js?AUIClients/ was preloaded using link preload but not used within a few seconds from the window's load event. Please make sure it has an appropriate `as` value and it is preloaded intentionally. @ https://www.amazon.es/dp/B00UCN589S?th=1:0
[   13029ms] [WARNING] The resource https://m.media-amazon.com/images/I/119lYNyqoQL.js?AUIClients/ was preloaded using link preload but not used within a few seconds from the window's load event. Please make sure it has an appropriate `as` value and it is preloaded intentionally. @ https://www.amazon.es/dp/B00UCN589S?th=1:0
[   13029ms] [WARNING] The resource https://m.media-amazon.com/images/I/51ORE2brWDL.js?AUIClients/ was preloaded using link preload but not used within a few seconds from the window's load event. Please make sure it has an appropriate `as` value and it is preloaded intentionally. @ https://www.amazon.es/dp/B00UCN589S?th=1:0
[   13029ms] [WARNING] The resource https://m.media-amazon.com/images/I/51S-qOAsDtL.js?AUIClients/ was preloaded using link preload but not used within a few seconds from the window's load event. Please make sure it has an appropriate `as` value and it is preloaded intentionally. @ https://www.amazon.es/dp/B00UCN589S?th=1:0
[   13029ms] [WARNING] The resource https://redirect.prod.experiment.routing.cloudfront.aws.a2z.com/x.png?timestamp=1789852729015 was preloaded using link preload but not used within a few seconds from the window's load event. Please make sure it has an appropriate `as` value and it is preloaded intentionally. @ https://www.amazon.es/dp/B00UCN589S?th=1:0
[   13029ms] [WARNING] The resource https://m.media-amazon.com/images/S/sash/NaRkeLk0R2VxYa6.html#sfClientHtmlUrl was preloaded using link preload but not used within a few seconds from the window's load event. Please make sure it has an appropriate `as` value and it is preloaded intentionally. @ https://www.amazon.es/dp/B00UCN589S?th=1:0
[   13029ms] [WARNING] The resource https://m.media-amazon.com/images/I/31lqqqMDjxL.js?AUIClients/ was preloaded using link preload but not used within a few seconds from the window's load event. Please make sure it has an appropriate `as` value and it is preloaded intentionally. @ https://www.amazon.es/dp/B00UCN589S?th=1:0
[   13030ms] [WARNING] The resource https://m.media-amazon.com/images/I/61n4ZyS8spL._RC%7C81QrR5UkbfL.js,31jsB13JlVL.js_.js?AUIClients/ was preloaded using link preload but not used within a few seconds from the window's load event. Please make sure it has an appropriate `as` value and it is preloaded intentionally. @ https://www.amazon.es/dp/B00UCN589S?th=1:0
[   22998ms] [WARNING] The resource https://m.media-amazon.com/images/I/61EhOl9i4dL.js?AUIClients/ was preloaded using link preload but not used within a few seconds from the window's load event. Please make sure it has an appropriate `as` value and it is preloaded intentionally. @ https://www.amazon.es/dp/B00UCN589S?th=1:0
[   22998ms] [WARNING] The resource https://m.media-amazon.com/images/I/51V1l-Z7zqL.js?AUIClients/ was preloaded using link preload but not used within a few seconds from the window's load event. Please make sure it has an appropriate `as` value and it is preloaded intentionally. @ https://www.amazon.es/dp/B00UCN589S?th=1:0
[   22998ms] [WARNING] The resource https://m.media-amazon.com/images/S/sash/dQmtOjc96Ff0nJe.js#sfClientUrl was preloaded using link preload but not used within a few seconds from the window's load event. Please make sure it has an appropriate `as` value and it is preloaded intentionally. @ https://www.amazon.es/dp/B00UCN589S?th=1:0
[   22998ms] [WARNING] The resource https://m.media-amazon.com/images/I/61dsgSXNixL._RC%7C01zCndFsf4L.js,01VTews5i1L.js,01edGJjT5SL.js,3191ejuFnBL.js_.js?AUIClients/ was preloaded using link preload but not used within a few seconds from the window's load event. Please make sure it has an appropriate `as` value and it is preloaded intentionally. @ https://www.amazon.es/dp/B00UCN589S?th=1:0
[   22998ms] [WARNING] The resource https://m.media-amazon.com/images/I/119lYNyqoQL.js?AUIClients/ was preloaded using link preload but not used within a few seconds from the window's load event. Please make sure it has an appropriate `as` value and it is preloaded intentionally. @ https://www.amazon.es/dp/B00UCN589S?th=1:0
[   22998ms] [WARNING] The resource https://m.media-amazon.com/images/I/51ORE2brWDL.js?AUIClients/ was preloaded using link preload but not used within a few seconds from the window's load event. Please make sure it has an appropriate `as` value and it is preloaded intentionally. @ https://www.amazon.es/dp/B00UCN589S?th=1:0
[   22998ms] [WARNING] The resource https://m.media-amazon.com/images/I/51S-qOAsDtL.js?AUIClients/ was preloaded using link preload but not used within a few seconds from the window's load event. Please make sure it has an appropriate `as` value and it is preloaded intentionally. @ https://www.amazon.es/dp/B00UCN589S?th=1:0
[   22998ms] [WARNING] The resource https://redirect.prod.experiment.routing.cloudfront.aws.a2z.com/x.png?timestamp=1789852729015 was preloaded using link preload but not used within a few seconds from the window's load event. Please make sure it has an appropriate `as` value and it is preloaded intentionally. @ https://www.amazon.es/dp/B00UCN589S?th=1:0
[   22998ms] [WARNING] The resource https://m.media-amazon.com/images/S/sash/NaRkeLk0R2VxYa6.html#sfClientHtmlUrl was preloaded using link preload but not used within a few seconds from the window's load event. Please make sure it has an appropriate `as` value and it is preloaded intentionally. @ https://www.amazon.es/dp/B00UCN589S?th=1:0
[   22998ms] [WARNING] The resource https://m.media-amazon.com/images/I/31lqqqMDjxL.js?AUIClients/ was preloaded using link preload but not used within a few seconds from the window's load event. Please make sure it has an appropriate `as` value and it is preloaded intentionally. @ https://www.amazon.es/dp/B00UCN589S?th=1:0
[   22998ms] [WARNING] The resource https://m.media-amazon.com/images/I/61n4ZyS8spL._RC%7C81QrR5UkbfL.js,31jsB13JlVL.js_.js?AUIClients/ was preloaded using link preload but not used within a few seconds from the window's load event. Please make sure it has an appropriate `as` value and it is preloaded intentionally. @ https://www.amazon.es/dp/B00UCN589S?th=1:0
[   24779ms] [LOG] [NoriLogger] Initialized successfully @ https://m.media-amazon.com/images/I/B1rqcmVMIPL.js:0
[   25059ms] [LOG] Registered provider a for configuration resolution. @ https://m.media-amazon.com/images/I/C1VPjFYSMrL.js:19
[   25076ms] [WARNING] No client strategy found. Metrics will not be enabled. @ https://m.media-amazon.com/images/I/C1VPjFYSMrL.js:27
[   25396ms] [LOG] [NoriLogger] Initialized successfully @ https://m.media-amazon.com/images/I/B1rqcmVMIPL.js:0
[   25439ms] [LOG] Registered provider a for configuration resolution. @ https://m.media-amazon.com/images/I/C1VPjFYSMrL.js:19
[   25474ms] [WARNING] No client strategy found. Metrics will not be enabled. @ https://m.media-amazon.com/images/I/C1VPjFYSMrL.js:27
[   25519ms] [ERROR] [SushiLogger] Logger not initialized, performance not logged for: asinImageRender @ https://m.media-amazon.com/images/I/B1rqcmVMIPL.js:0
[   27730ms] [LOG] [NoriLogger] Initialized successfully @ https://m.media-amazon.com/images/I/B1rqcmVMIPL.js:0
[   27736ms] [ERROR] [NoriLogger] [WARN] DSPClientStrategy NoriLogger: Timer for fontsRender already exists. @ https://m.media-amazon.com/images/I/B1rqcmVMIPL.js:0
[   27737ms] [ERROR] [NoriLogger] [WARN] DSPClientStrategy NoriLogger: Timer for fontsRender already exists. @ https://m.media-amazon.com/images/I/B1rqcmVMIPL.js:0
[   27797ms] [LOG] Registered provider a for configuration resolution. @ https://m.media-amazon.com/images/I/C1VPjFYSMrL.js:19
[   27812ms] [WARNING] No client strategy found. Metrics will not be enabled. @ https://m.media-amazon.com/images/I/C1VPjFYSMrL.js:27
[   28509ms] [LOG] [NoriLogger] Initialized successfully @ https://m.media-amazon.com/images/I/B1rqcmVMIPL.js:0
[   28526ms] [ERROR] [SushiLogger] Logger not initialized, performance not logged for: asinImageRender @ https://m.media-amazon.com/images/I/B1rqcmVMIPL.js:0
[   28569ms] [LOG] Registered provider a for configuration resolution. @ https://m.media-amazon.com/images/I/C1VPjFYSMrL.js:19
[   28584ms] [WARNING] No client strategy found. Metrics will not be enabled. @ https://m.media-amazon.com/images/I/C1VPjFYSMrL.js:27
[   36763ms] [ERROR] Error logged with the Track&Report JS errors API(http://tiny/1covqr6l8/wamazindeClieUserJava): {"m":"Twister-OD mismatch: delivery(twister=envo gratis maana,offersDisplay=entrega gratis maana 20 de septiembre haz el pedido en 40 mins ver detalles)","csm":"v5 ueLogError","logLevel":"INFO","attribution":"DetailPageTwisterViewAsset:TwisterSlotMismatch"} {m: Twister-OD mismatch: delivery(twister=envo gratis …septiembre haz el pedido en 40 mins ver detalles), name: undefined, type: undefined, csm: v5 ueLogError, logLevel: INFO} @ https://images-na.ssl-images-amazon.com/images/I/215h87l68bL.js:3
[   38829ms] [LOG] Registered provider a for configuration resolution. @ https://m.media-amazon.com/images/I/C1VPjFYSMrL.js:19
[   38835ms] [WARNING] No client strategy found. Metrics will not be enabled. @ https://m.media-amazon.com/images/I/C1VPjFYSMrL.js:27
[   38918ms] [LOG] [NoriLogger] Initialized successfully @ https://m.media-amazon.com/images/I/B1rqcmVMIPL.js:0
[   38920ms] [ERROR] [SushiLogger] Logger not initialized, performance not logged for: asinImageRender @ https://m.media-amazon.com/images/I/B1rqcmVMIPL.js:0
[   38921ms] [ERROR] [NoriLogger] [WARN] DSPClientStrategy NoriLogger: Timer for fontsRender already exists. @ https://m.media-amazon.com/images/I/B1rqcmVMIPL.js:0
[   38921ms] [ERROR] [NoriLogger] [WARN] DSPClientStrategy NoriLogger: Timer for fontsRender already exists. @ https://m.media-amazon.com/images/I/B1rqcmVMIPL.js:0
[   41336ms] [LOG] [NoriLogger] Initialized successfully @ https://m.media-amazon.com/images/I/B1rqcmVMIPL.js:0
[   41342ms] [ERROR] [NoriLogger] [WARN] DSPClientStrategy NoriLogger: Timer for fontsRender already exists. @ https://m.media-amazon.com/images/I/B1rqcmVMIPL.js:0
[   41344ms] [ERROR] [NoriLogger] [WARN] DSPClientStrategy NoriLogger: Timer for fontsRender already exists. @ https://m.media-amazon.com/images/I/B1rqcmVMIPL.js:0
[   42350ms] [LOG] [NoriLogger] Initialized successfully @ https://m.media-amazon.com/images/I/B1rqcmVMIPL.js:0
[   42380ms] [ERROR] [SushiLogger] Logger not initialized, performance not logged for: asinImageRender @ https://m.media-amazon.com/images/I/B1rqcmVMIPL.js:0
[   55419ms] [WARNING] The resource https://m.media-amazon.com/images/I/61n4ZyS8spL._RC%7C81QrR5UkbfL.js,31jsB13JlVL.js_.js?AUIClients/ was preloaded using link preload but not used within a few seconds from the window's load event. Please make sure it has an appropriate `as` value and it is preloaded intentionally. @ https://www.amazon.es/dp/B004Z4UMUA?th=1:0
[   55419ms] [WARNING] The resource https://m.media-amazon.com/images/I/51V1l-Z7zqL.js?AUIClients/ was preloaded using link preload but not used within a few seconds from the window's load event. Please make sure it has an appropriate `as` value and it is preloaded intentionally. @ https://www.amazon.es/dp/B004Z4UMUA?th=1:0
[   55419ms] [WARNING] The resource https://m.media-amazon.com/images/S/sash/dQmtOjc96Ff0nJe.js#sfClientUrl was preloaded using link preload but not used within a few seconds from the window's load event. Please make sure it has an appropriate `as` value and it is preloaded intentionally. @ https://www.amazon.es/dp/B004Z4UMUA?th=1:0
[   55419ms] [WARNING] The resource https://m.media-amazon.com/images/I/61dsgSXNixL._RC%7C01zCndFsf4L.js,01VTews5i1L.js,01edGJjT5SL.js,3191ejuFnBL.js_.js?AUIClients/ was preloaded using link preload but not used within a few seconds from the window's load event. Please make sure it has an appropriate `as` value and it is preloaded intentionally. @ https://www.amazon.es/dp/B004Z4UMUA?th=1:0
[   55419ms] [WARNING] The resource https://m.media-amazon.com/images/I/119lYNyqoQL.js?AUIClients/ was preloaded using link preload but not used within a few seconds from the window's load event. Please make sure it has an appropriate `as` value and it is preloaded intentionally. @ https://www.amazon.es/dp/B004Z4UMUA?th=1:0
[   55419ms] [WARNING] The resource https://m.media-amazon.com/images/I/51ORE2brWDL.js?AUIClients/ was preloaded using link preload but not used within a few seconds from the window's load event. Please make sure it has an appropriate `as` value and it is preloaded intentionally. @ https://www.amazon.es/dp/B004Z4UMUA?th=1:0
[   55419ms] [WARNING] The resource https://m.media-amazon.com/images/I/51S-qOAsDtL.js?AUIClients/ was preloaded using link preload but not used within a few seconds from the window's load event. Please make sure it has an appropriate `as` value and it is preloaded intentionally. @ https://www.amazon.es/dp/B004Z4UMUA?th=1:0
[   55419ms] [WARNING] The resource https://m.media-amazon.com/images/S/sash/NaRkeLk0R2VxYa6.html#sfClientHtmlUrl was preloaded using link preload but not used within a few seconds from the window's load event. Please make sure it has an appropriate `as` value and it is preloaded intentionally. @ https://www.amazon.es/dp/B004Z4UMUA?th=1:0
[   55419ms] [WARNING] The resource https://m.media-amazon.com/images/I/31lqqqMDjxL.js?AUIClients/ was preloaded using link preload but not used within a few seconds from the window's load event. Please make sure it has an appropriate `as` value and it is preloaded intentionally. @ https://www.amazon.es/dp/B004Z4UMUA?th=1:0
[   55419ms] [WARNING] The resource https://m.media-amazon.com/images/I/61EhOl9i4dL.js?AUIClients/ was preloaded using link preload but not used within a few seconds from the window's load event. Please make sure it has an appropriate `as` value and it is preloaded intentionally. @ https://www.amazon.es/dp/B004Z4UMUA?th=1:0
[   69024ms] [WARNING] The resource https://m.media-amazon.com/images/I/61n4ZyS8spL._RC%7C81QrR5UkbfL.js,31jsB13JlVL.js_.js?AUIClients/ was preloaded using link preload but not used within a few seconds from the window's load event. Please make sure it has an appropriate `as` value and it is preloaded intentionally. @ https://www.amazon.es/dp/B004Z4UMUA?th=1:0
[   69024ms] [WARNING] The resource https://m.media-amazon.com/images/I/51V1l-Z7zqL.js?AUIClients/ was preloaded using link preload but not used within a few seconds from the window's load event. Please make sure it has an appropriate `as` value and it is preloaded intentionally. @ https://www.amazon.es/dp/B004Z4UMUA?th=1:0
[   69024ms] [WARNING] The resource https://m.media-amazon.com/images/S/sash/dQmtOjc96Ff0nJe.js#sfClientUrl was preloaded using link preload but not used within a few seconds from the window's load event. Please make sure it has an appropriate `as` value and it is preloaded intentionally. @ https://www.amazon.es/dp/B004Z4UMUA?th=1:0
[   69024ms] [WARNING] The resource https://m.media-amazon.com/images/I/61dsgSXNixL._RC%7C01zCndFsf4L.js,01VTews5i1L.js,01edGJjT5SL.js,3191ejuFnBL.js_.js?AUIClients/ was preloaded using link preload but not used within a few seconds from the window's load event. Please make sure it has an appropriate `as` value and it is preloaded intentionally. @ https://www.amazon.es/dp/B004Z4UMUA?th=1:0
[   69024ms] [WARNING] The resource https://m.media-amazon.com/images/I/119lYNyqoQL.js?AUIClients/ was preloaded using link preload but not used within a few seconds from the window's load event. Please make sure it has an appropriate `as` value and it is preloaded intentionally. @ https://www.amazon.es/dp/B004Z4UMUA?th=1:0
[   69024ms] [WARNING] The resource https://m.media-amazon.com/images/I/51ORE2brWDL.js?AUIClients/ was preloaded using link preload but not used within a few seconds from the window's load event. Please make sure it has an appropriate `as` value and it is preloaded intentionally. @ https://www.amazon.es/dp/B004Z4UMUA?th=1:0
[   69024ms] [WARNING] The resource https://m.media-amazon.com/images/I/51S-qOAsDtL.js?AUIClients/ was preloaded using link preload but not used within a few seconds from the window's load event. Please make sure it has an appropriate `as` value and it is preloaded intentionally. @ https://www.amazon.es/dp/B004Z4UMUA?th=1:0
[   69024ms] [WARNING] The resource https://m.media-amazon.com/images/S/sash/NaRkeLk0R2VxYa6.html#sfClientHtmlUrl was preloaded using link preload but not used within a few seconds from the window's load event. Please make sure it has an appropriate `as` value and it is preloaded intentionally. @ https://www.amazon.es/dp/B004Z4UMUA?th=1:0
[   69024ms] [WARNING] The resource https://m.media-amazon.com/images/I/31lqqqMDjxL.js?AUIClients/ was preloaded using link preload but not used within a few seconds from the window's load event. Please make sure it has an appropriate `as` value and it is preloaded intentionally. @ https://www.amazon.es/dp/B004Z4UMUA?th=1:0
[   69024ms] [WARNING] The resource https://m.media-amazon.com/images/I/61EhOl9i4dL.js?AUIClients/ was preloaded using link preload but not used within a few seconds from the window's load event. Please make sure it has an appropriate `as` value and it is preloaded intentionally. @ https://www.amazon.es/dp/B004Z4UMUA?th=1:0
[   98958ms] [WARNING] The resource https://m.media-amazon.com/images/I/61n4ZyS8spL._RC%7C81QrR5UkbfL.js,31jsB13JlVL.js_.js?AUIClients/ was preloaded using link preload but not used within a few seconds from the window's load event. Please make sure it has an appropriate `as` value and it is preloaded intentionally. @ https://www.amazon.es/dp/B004Z4UMUA?th=1:0
[   98958ms] [WARNING] The resource https://m.media-amazon.com/images/I/51V1l-Z7zqL.js?AUIClients/ was preloaded using link preload but not used within a few seconds from the window's load event. Please make sure it has an appropriate `as` value and it is preloaded intentionally. @ https://www.amazon.es/dp/B004Z4UMUA?th=1:0
[   98958ms] [WARNING] The resource https://m.media-amazon.com/images/S/sash/dQmtOjc96Ff0nJe.js#sfClientUrl was preloaded using link preload but not used within a few seconds from the window's load event. Please make sure it has an appropriate `as` value and it is preloaded intentionally. @ https://www.amazon.es/dp/B004Z4UMUA?th=1:0
[   98958ms] [WARNING] The resource https://m.media-amazon.com/images/I/61dsgSXNixL._RC%7C01zCndFsf4L.js,01VTews5i1L.js,01edGJjT5SL.js,3191ejuFnBL.js_.js?AUIClients/ was preloaded using link preload but not used within a few seconds from the window's load event. Please make sure it has an appropriate `as` value and it is preloaded intentionally. @ https://www.amazon.es/dp/B004Z4UMUA?th=1:0
[   98958ms] [WARNING] The resource https://m.media-amazon.com/images/I/119lYNyqoQL.js?AUIClients/ was preloaded using link preload but not used within a few seconds from the window's load event. Please make sure it has an appropriate `as` value and it is preloaded intentionally. @ https://www.amazon.es/dp/B004Z4UMUA?th=1:0
[   98958ms] [WARNING] The resource https://m.media-amazon.com/images/I/51ORE2brWDL.js?AUIClients/ was preloaded using link preload but not used within a few seconds from the window's load event. Please make sure it has an appropriate `as` value and it is preloaded intentionally. @ https://www.amazon.es/dp/B004Z4UMUA?th=1:0
[   98958ms] [WARNING] The resource https://m.media-amazon.com/images/I/51S-qOAsDtL.js?AUIClients/ was preloaded using link preload but not used within a few seconds from the window's load event. Please make sure it has an appropriate `as` value and it is preloaded intentionally. @ https://www.amazon.es/dp/B004Z4UMUA?th=1:0
[   98958ms] [WARNING] The resource https://m.media-amazon.com/images/S/sash/NaRkeLk0R2VxYa6.html#sfClientHtmlUrl was preloaded using link preload but not used within a few seconds from the window's load event. Please make sure it has an appropriate `as` value and it is preloaded intentionally. @ https://www.amazon.es/dp/B004Z4UMUA?th=1:0
[   98958ms] [WARNING] The resource https://m.media-amazon.com/images/I/31lqqqMDjxL.js?AUIClients/ was preloaded using link preload but not used within a few seconds from the window's load event. Please make sure it has an appropriate `as` value and it is preloaded intentionally. @ https://www.amazon.es/dp/B004Z4UMUA?th=1:0
[   98958ms] [WARNING] The resource https://m.media-amazon.com/images/I/61EhOl9i4dL.js?AUIClients/ was preloaded using link preload but not used within a few seconds from the window's load event. Please make sure it has an appropriate `as` value and it is preloaded intentionally. @ https://www.amazon.es/dp/B004Z4UMUA?th=1:0
[  182827ms] [LOG] [NoriLogger] Initialized successfully @ https://m.media-amazon.com/images/I/B1rqcmVMIPL.js:0
[  182827ms] [ERROR] [NoriLogger] [WARN] DSPClientStrategy NoriLogger: Timer for fontsRender already exists. @ https://m.media-amazon.com/images/I/B1rqcmVMIPL.js:0
[  182828ms] [ERROR] [NoriLogger] [WARN] DSPClientStrategy NoriLogger: Timer for fontsRender already exists. @ https://m.media-amazon.com/images/I/B1rqcmVMIPL.js:0
[  182859ms] [LOG] [NoriLogger] Initialized successfully @ https://m.media-amazon.com/images/I/B1rqcmVMIPL.js:0
[  182863ms] [ERROR] [NoriLogger] [WARN] DSPClientStrategy NoriLogger: Timer for fontsRender already exists. @ https://m.media-amazon.com/images/I/B1rqcmVMIPL.js:0
[  182865ms] [ERROR] [NoriLogger] [WARN] DSPClientStrategy NoriLogger: Timer for fontsRender already exists. @ https://m.media-amazon.com/images/I/B1rqcmVMIPL.js:0
[  182906ms] [LOG] Registered provider a for configuration resolution. @ https://m.media-amazon.com/images/I/C1VPjFYSMrL.js:19
[  182916ms] [WARNING] No client strategy found. Metrics will not be enabled. @ https://m.media-amazon.com/images/I/C1VPjFYSMrL.js:27
[  182922ms] [ERROR] [SushiLogger] Logger not initialized, performance not logged for: asinImageRender @ https://m.media-amazon.com/images/I/B1rqcmVMIPL.js:0
[  183857ms] [LOG] [NoriLogger] Initialized successfully @ https://m.media-amazon.com/images/I/B1rqcmVMIPL.js:0
[  183887ms] [LOG] Registered provider a for configuration resolution. @ https://m.media-amazon.com/images/I/C1VPjFYSMrL.js:19
[  183900ms] [WARNING] No client strategy found. Metrics will not be enabled. @ https://m.media-amazon.com/images/I/C1VPjFYSMrL.js:27
[  183954ms] [ERROR] [SushiLogger] Logger not initialized, performance not logged for: asinImageRender @ https://m.media-amazon.com/images/I/B1rqcmVMIPL.js:0
[  183955ms] [ERROR] [NoriLogger] [WARN] DSPClientStrategy NoriLogger: Timer for fontsRender already exists. @ https://m.media-amazon.com/images/I/B1rqcmVMIPL.js:0
[  183956ms] [ERROR] [NoriLogger] [WARN] DSPClientStrategy NoriLogger: Timer for fontsRender already exists. @ https://m.media-amazon.com/images/I/B1rqcmVMIPL.js:0
[  183971ms] [LOG] [NoriLogger] Initialized successfully @ https://m.media-amazon.com/images/I/B1rqcmVMIPL.js:0
[  183974ms] [ERROR] [SushiLogger] Logger not initialized, performance not logged for: asinImageRender @ https://m.media-amazon.com/images/I/B1rqcmVMIPL.js:0
[  183976ms] [ERROR] [NoriLogger] [WARN] DSPClientStrategy NoriLogger: Timer for fontsRender already exists. @ https://m.media-amazon.com/images/I/B1rqcmVMIPL.js:0
[  183976ms] [ERROR] [NoriLogger] [WARN] DSPClientStrategy NoriLogger: Timer for fontsRender already exists. @ https://m.media-amazon.com/images/I/B1rqcmVMIPL.js:0
[  199347ms] [WARNING] The resource https://m.media-amazon.com/images/I/61n4ZyS8spL._RC%7C81QrR5UkbfL.js,31jsB13JlVL.js_.js?AUIClients/ was preloaded using link preload but not used within a few seconds from the window's load event. Please make sure it has an appropriate `as` value and it is preloaded intentionally. @ https://www.amazon.es/dp/B01IDLG6RS:0
[  199348ms] [WARNING] The resource https://m.media-amazon.com/images/I/51V1l-Z7zqL.js?AUIClients/ was preloaded using link preload but not used within a few seconds from the window's load event. Please make sure it has an appropriate `as` value and it is preloaded intentionally. @ https://www.amazon.es/dp/B01IDLG6RS:0
[  199348ms] [WARNING] The resource https://m.media-amazon.com/images/S/sash/dQmtOjc96Ff0nJe.js#sfClientUrl was preloaded using link preload but not used within a few seconds from the window's load event. Please make sure it has an appropriate `as` value and it is preloaded intentionally. @ https://www.amazon.es/dp/B01IDLG6RS:0
[  199348ms] [WARNING] The resource https://m.media-amazon.com/images/I/119lYNyqoQL.js?AUIClients/ was preloaded using link preload but not used within a few seconds from the window's load event. Please make sure it has an appropriate `as` value and it is preloaded intentionally. @ https://www.amazon.es/dp/B01IDLG6RS:0
[  199348ms] [WARNING] The resource https://m.media-amazon.com/images/I/51ORE2brWDL.js?AUIClients/ was preloaded using link preload but not used within a few seconds from the window's load event. Please make sure it has an appropriate `as` value and it is preloaded intentionally. @ https://www.amazon.es/dp/B01IDLG6RS:0
[  199348ms] [WARNING] The resource https://m.media-amazon.com/images/I/3191ejuFnBL.js?AUIClients/ was preloaded using link preload but not used within a few seconds from the window's load event. Please make sure it has an appropriate `as` value and it is preloaded intentionally. @ https://www.amazon.es/dp/B01IDLG6RS:0
[  199348ms] [WARNING] The resource https://m.media-amazon.com/images/I/51S-qOAsDtL.js?AUIClients/ was preloaded using link preload but not used within a few seconds from the window's load event. Please make sure it has an appropriate `as` value and it is preloaded intentionally. @ https://www.amazon.es/dp/B01IDLG6RS:0
[  199348ms] [WARNING] The resource https://m.media-amazon.com/images/S/sash/NaRkeLk0R2VxYa6.html#sfClientHtmlUrl was preloaded using link preload but not used within a few seconds from the window's load event. Please make sure it has an appropriate `as` value and it is preloaded intentionally. @ https://www.amazon.es/dp/B01IDLG6RS:0
[  199348ms] [WARNING] The resource https://m.media-amazon.com/images/I/31lqqqMDjxL.js?AUIClients/ was preloaded using link preload but not used within a few seconds from the window's load event. Please make sure it has an appropriate `as` value and it is preloaded intentionally. @ https://www.amazon.es/dp/B01IDLG6RS:0
[  199348ms] [WARNING] The resource https://m.media-amazon.com/images/I/61EhOl9i4dL.js?AUIClients/ was preloaded using link preload but not used within a few seconds from the window's load event. Please make sure it has an appropriate `as` value and it is preloaded intentionally. @ https://www.amazon.es/dp/B01IDLG6RS:0
[  209288ms] [WARNING] The resource https://m.media-amazon.com/images/I/61n4ZyS8spL._RC%7C81QrR5UkbfL.js,31jsB13JlVL.js_.js?AUIClients/ was preloaded using link preload but not used within a few seconds from the window's load event. Please make sure it has an appropriate `as` value and it is preloaded intentionally. @ https://www.amazon.es/dp/B01IDLG6RS:0
[  209288ms] [WARNING] The resource https://m.media-amazon.com/images/I/51V1l-Z7zqL.js?AUIClients/ was preloaded using link preload but not used within a few seconds from the window's load event. Please make sure it has an appropriate `as` value and it is preloaded intentionally. @ https://www.amazon.es/dp/B01IDLG6RS:0
[  209288ms] [WARNING] The resource https://m.media-amazon.com/images/S/sash/dQmtOjc96Ff0nJe.js#sfClientUrl was preloaded using link preload but not used within a few seconds from the window's load event. Please make sure it has an appropriate `as` value and it is preloaded intentionally. @ https://www.amazon.es/dp/B01IDLG6RS:0
[  209288ms] [WARNING] The resource https://m.media-amazon.com/images/I/119lYNyqoQL.js?AUIClients/ was preloaded using link preload but not used within a few seconds from the window's load event. Please make sure it has an appropriate `as` value and it is preloaded intentionally. @ https://www.amazon.es/dp/B01IDLG6RS:0
[  209288ms] [WARNING] The resource https://m.media-amazon.com/images/I/51ORE2brWDL.js?AUIClients/ was preloaded using link preload but not used within a few seconds from the window's load event. Please make sure it has an appropriate `as` value and it is preloaded intentionally. @ https://www.amazon.es/dp/B01IDLG6RS:0
[  209288ms] [WARNING] The resource https://m.media-amazon.com/images/I/3191ejuFnBL.js?AUIClients/ was preloaded using link preload but not used within a few seconds from the window's load event. Please make sure it has an appropriate `as` value and it is preloaded intentionally. @ https://www.amazon.es/dp/B01IDLG6RS:0
[  209288ms] [WARNING] The resource https://m.media-amazon.com/images/I/51S-qOAsDtL.js?AUIClients/ was preloaded using link preload but not used within a few seconds from the window's load event. Please make sure it has an appropriate `as` value and it is preloaded intentionally. @ https://www.amazon.es/dp/B01IDLG6RS:0
[  209288ms] [WARNING] The resource https://m.media-amazon.com/images/S/sash/NaRkeLk0R2VxYa6.html#sfClientHtmlUrl was preloaded using link preload but not used within a few seconds from the window's load event. Please make sure it has an appropriate `as` value and it is preloaded intentionally. @ https://www.amazon.es/dp/B01IDLG6RS:0
[  209288ms] [WARNING] The resource https://m.media-amazon.com/images/I/31lqqqMDjxL.js?AUIClients/ was preloaded using link preload but not used within a few seconds from the window's load event. Please make sure it has an appropriate `as` value and it is preloaded intentionally. @ https://www.amazon.es/dp/B01IDLG6RS:0
[  209288ms] [WARNING] The resource https://m.media-amazon.com/images/I/61EhOl9i4dL.js?AUIClients/ was preloaded using link preload but not used within a few seconds from the window's load event. Please make sure it has an appropriate `as` value and it is preloaded intentionally. @ https://www.amazon.es/dp/B01IDLG6RS:0
[  239240ms] [WARNING] The resource https://m.media-amazon.com/images/I/61n4ZyS8spL._RC%7C81QrR5UkbfL.js,31jsB13JlVL.js_.js?AUIClients/ was preloaded using link preload but not used within a few seconds from the window's load event. Please make sure it has an appropriate `as` value and it is preloaded intentionally. @ https://www.amazon.es/dp/B01IDLG6RS:0
[  239241ms] [WARNING] The resource https://m.media-amazon.com/images/I/51V1l-Z7zqL.js?AUIClients/ was preloaded using link preload but not used within a few seconds from the window's load event. Please make sure it has an appropriate `as` value and it is preloaded intentionally. @ https://www.amazon.es/dp/B01IDLG6RS:0
[  239241ms] [WARNING] The resource https://m.media-amazon.com/images/S/sash/dQmtOjc96Ff0nJe.js#sfClientUrl was preloaded using link preload but not used within a few seconds from the window's load event. Please make sure it has an appropriate `as` value and it is preloaded intentionally. @ https://www.amazon.es/dp/B01IDLG6RS:0
[  239241ms] [WARNING] The resource https://m.media-amazon.com/images/I/119lYNyqoQL.js?AUIClients/ was preloaded using link preload but not used within a few seconds from the window's load event. Please make sure it has an appropriate `as` value and it is preloaded intentionally. @ https://www.amazon.es/dp/B01IDLG6RS:0
[  239241ms] [WARNING] The resource https://m.media-amazon.com/images/I/51ORE2brWDL.js?AUIClients/ was preloaded using link preload but not used within a few seconds from the window's load event. Please make sure it has an appropriate `as` value and it is preloaded intentionally. @ https://www.amazon.es/dp/B01IDLG6RS:0
[  239241ms] [WARNING] The resource https://m.media-amazon.com/images/I/3191ejuFnBL.js?AUIClients/ was preloaded using link preload but not used within a few seconds from the window's load event. Please make sure it has an appropriate `as` value and it is preloaded intentionally. @ https://www.amazon.es/dp/B01IDLG6RS:0
[  239241ms] [WARNING] The resource https://m.media-amazon.com/images/I/51S-qOAsDtL.js?AUIClients/ was preloaded using link preload but not used within a few seconds from the window's load event. Please make sure it has an appropriate `as` value and it is preloaded intentionally. @ https://www.amazon.es/dp/B01IDLG6RS:0
[  239241ms] [WARNING] The resource https://m.media-amazon.com/images/S/sash/NaRkeLk0R2VxYa6.html#sfClientHtmlUrl was preloaded using link preload but not used within a few seconds from the window's load event. Please make sure it has an appropriate `as` value and it is preloaded intentionally. @ https://www.amazon.es/dp/B01IDLG6RS:0
[  239241ms] [WARNING] The resource https://m.media-amazon.com/images/I/31lqqqMDjxL.js?AUIClients/ was preloaded using link preload but not used within a few seconds from the window's load event. Please make sure it has an appropriate `as` value and it is preloaded intentionally. @ https://www.amazon.es/dp/B01IDLG6RS:0
[  239241ms] [WARNING] The resource https://m.media-amazon.com/images/I/61EhOl9i4dL.js?AUIClients/ was preloaded using link preload but not used within a few seconds from the window's load event. Please make sure it has an appropriate `as` value and it is preloaded intentionally. @ https://www.amazon.es/dp/B01IDLG6RS:0
[  269250ms] [WARNING] The resource https://m.media-amazon.com/images/I/61n4ZyS8spL._RC%7C81QrR5UkbfL.js,31jsB13JlVL.js_.js?AUIClients/ was preloaded using link preload but not used within a few seconds from the window's load event. Please make sure it has an appropriate `as` value and it is preloaded intentionally. @ https://www.amazon.es/dp/B01IDLG6RS:0
[  269250ms] [WARNING] The resource https://m.media-amazon.com/images/I/51V1l-Z7zqL.js?AUIClients/ was preloaded using link preload but not used within a few seconds from the window's load event. Please make sure it has an appropriate `as` value and it is preloaded intentionally. @ https://www.amazon.es/dp/B01IDLG6RS:0
[  269250ms] [WARNING] The resource https://m.media-amazon.com/images/S/sash/dQmtOjc96Ff0nJe.js#sfClientUrl was preloaded using link preload but not used within a few seconds from the window's load event. Please make sure it has an appropriate `as` value and it is preloaded intentionally. @ https://www.amazon.es/dp/B01IDLG6RS:0
[  269251ms] [WARNING] The resource https://m.media-amazon.com/images/I/119lYNyqoQL.js?AUIClients/ was preloaded using link preload but not used within a few seconds from the window's load event. Please make sure it has an appropriate `as` value and it is preloaded intentionally. @ https://www.amazon.es/dp/B01IDLG6RS:0
[  269251ms] [WARNING] The resource https://m.media-amazon.com/images/I/51ORE2brWDL.js?AUIClients/ was preloaded using link preload but not used within a few seconds from the window's load event. Please make sure it has an appropriate `as` value and it is preloaded intentionally. @ https://www.amazon.es/dp/B01IDLG6RS:0
[  269251ms] [WARNING] The resource https://m.media-amazon.com/images/I/3191ejuFnBL.js?AUIClients/ was preloaded using link preload but not used within a few seconds from the window's load event. Please make sure it has an appropriate `as` value and it is preloaded intentionally. @ https://www.amazon.es/dp/B01IDLG6RS:0
[  269251ms] [WARNING] The resource https://m.media-amazon.com/images/I/51S-qOAsDtL.js?AUIClients/ was preloaded using link preload but not used within a few seconds from the window's load event. Please make sure it has an appropriate `as` value and it is preloaded intentionally. @ https://www.amazon.es/dp/B01IDLG6RS:0
[  269251ms] [WARNING] The resource https://m.media-amazon.com/images/S/sash/NaRkeLk0R2VxYa6.html#sfClientHtmlUrl was preloaded using link preload but not used within a few seconds from the window's load event. Please make sure it has an appropriate `as` value and it is preloaded intentionally. @ https://www.amazon.es/dp/B01IDLG6RS:0
[  269251ms] [WARNING] The resource https://m.media-amazon.com/images/I/31lqqqMDjxL.js?AUIClients/ was preloaded using link preload but not used within a few seconds from the window's load event. Please make sure it has an appropriate `as` value and it is preloaded intentionally. @ https://www.amazon.es/dp/B01IDLG6RS:0
[  269251ms] [WARNING] The resource https://m.media-amazon.com/images/I/61EhOl9i4dL.js?AUIClients/ was preloaded using link preload but not used within a few seconds from the window's load event. Please make sure it has an appropriate `as` value and it is preloaded intentionally. @ https://www.amazon.es/dp/B01IDLG6RS:0
[  299247ms] [WARNING] The resource https://m.media-amazon.com/images/I/61n4ZyS8spL._RC%7C81QrR5UkbfL.js,31jsB13JlVL.js_.js?AUIClients/ was preloaded using link preload but not used within a few seconds from the window's load event. Please make sure it has an appropriate `as` value and it is preloaded intentionally. @ https://www.amazon.es/dp/B01IDLG6RS:0
[  299247ms] [WARNING] The resource https://m.media-amazon.com/images/I/51V1l-Z7zqL.js?AUIClients/ was preloaded using link preload but not used within a few seconds from the window's load event. Please make sure it has an appropriate `as` value and it is preloaded intentionally. @ https://www.amazon.es/dp/B01IDLG6RS:0
[  299247ms] [WARNING] The resource https://m.media-amazon.com/images/S/sash/dQmtOjc96Ff0nJe.js#sfClientUrl was preloaded using link preload but not used within a few seconds from the window's load event. Please make sure it has an appropriate `as` value and it is preloaded intentionally. @ https://www.amazon.es/dp/B01IDLG6RS:0
[  299247ms] [WARNING] The resource https://m.media-amazon.com/images/I/119lYNyqoQL.js?AUIClients/ was preloaded using link preload but not used within a few seconds from the window's load event. Please make sure it has an appropriate `as` value and it is preloaded intentionally. @ https://www.amazon.es/dp/B01IDLG6RS:0
[  299247ms] [WARNING] The resource https://m.media-amazon.com/images/I/51ORE2brWDL.js?AUIClients/ was preloaded using link preload but not used within a few seconds from the window's load event. Please make sure it has an appropriate `as` value and it is preloaded intentionally. @ https://www.amazon.es/dp/B01IDLG6RS:0
[  299247ms] [WARNING] The resource https://m.media-amazon.com/images/I/3191ejuFnBL.js?AUIClients/ was preloaded using link preload but not used within a few seconds from the window's load event. Please make sure it has an appropriate `as` value and it is preloaded intentionally. @ https://www.amazon.es/dp/B01IDLG6RS:0
[  299247ms] [WARNING] The resource https://m.media-amazon.com/images/I/51S-qOAsDtL.js?AUIClients/ was preloaded using link preload but not used within a few seconds from the window's load event. Please make sure it has an appropriate `as` value and it is preloaded intentionally. @ https://www.amazon.es/dp/B01IDLG6RS:0
[  299247ms] [WARNING] The resource https://m.media-amazon.com/images/S/sash/NaRkeLk0R2VxYa6.html#sfClientHtmlUrl was preloaded using link preload but not used within a few seconds from the window's load event. Please make sure it has an appropriate `as` value and it is preloaded intentionally. @ https://www.amazon.es/dp/B01IDLG6RS:0
[  299247ms] [WARNING] The resource https://m.media-amazon.com/images/I/31lqqqMDjxL.js?AUIClients/ was preloaded using link preload but not used within a few seconds from the window's load event. Please make sure it has an appropriate `as` value and it is preloaded intentionally. @ https://www.amazon.es/dp/B01IDLG6RS:0
[  299247ms] [WARNING] The resource https://m.media-amazon.com/images/I/61EhOl9i4dL.js?AUIClients/ was preloaded using link preload but not used within a few seconds from the window's load event. Please make sure it has an appropriate `as` value and it is preloaded intentionally. @ https://www.amazon.es/dp/B01IDLG6RS:0
[  329257ms] [WARNING] The resource https://m.media-amazon.com/images/I/61n4ZyS8spL._RC%7C81QrR5UkbfL.js,31jsB13JlVL.js_.js?AUIClients/ was preloaded using link preload but not used within a few seconds from the window's load event. Please make sure it has an appropriate `as` value and it is preloaded intentionally. @ https://www.amazon.es/dp/B01IDLG6RS:0
[  329257ms] [WARNING] The resource https://m.media-amazon.com/images/I/51V1l-Z7zqL.js?AUIClients/ was preloaded using link preload but not used within a few seconds from the window's load event. Please make sure it has an appropriate `as` value and it is preloaded intentionally. @ https://www.amazon.es/dp/B01IDLG6RS:0
[  329257ms] [WARNING] The resource https://m.media-amazon.com/images/S/sash/dQmtOjc96Ff0nJe.js#sfClientUrl was preloaded using link preload but not used within a few seconds from the window's load event. Please make sure it has an appropriate `as` value and it is preloaded intentionally. @ https://www.amazon.es/dp/B01IDLG6RS:0
[  329257ms] [WARNING] The resource https://m.media-amazon.com/images/I/119lYNyqoQL.js?AUIClients/ was preloaded using link preload but not used within a few seconds from the window's load event. Please make sure it has an appropriate `as` value and it is preloaded intentionally. @ https://www.amazon.es/dp/B01IDLG6RS:0
[  329257ms] [WARNING] The resource https://m.media-amazon.com/images/I/51ORE2brWDL.js?AUIClients/ was preloaded using link preload but not used within a few seconds from the window's load event. Please make sure it has an appropriate `as` value and it is preloaded intentionally. @ https://www.amazon.es/dp/B01IDLG6RS:0
[  329257ms] [WARNING] The resource https://m.media-amazon.com/images/I/3191ejuFnBL.js?AUIClients/ was preloaded using link preload but not used within a few seconds from the window's load event. Please make sure it has an appropriate `as` value and it is preloaded intentionally. @ https://www.amazon.es/dp/B01IDLG6RS:0
[  329258ms] [WARNING] The resource https://m.media-amazon.com/images/I/51S-qOAsDtL.js?AUIClients/ was preloaded using link preload but not used within a few seconds from the window's load event. Please make sure it has an appropriate `as` value and it is preloaded intentionally. @ https://www.amazon.es/dp/B01IDLG6RS:0
[  329258ms] [WARNING] The resource https://m.media-amazon.com/images/S/sash/NaRkeLk0R2VxYa6.html#sfClientHtmlUrl was preloaded using link preload but not used within a few seconds from the window's load event. Please make sure it has an appropriate `as` value and it is preloaded intentionally. @ https://www.amazon.es/dp/B01IDLG6RS:0
[  329258ms] [WARNING] The resource https://m.media-amazon.com/images/I/31lqqqMDjxL.js?AUIClients/ was preloaded using link preload but not used within a few seconds from the window's load event. Please make sure it has an appropriate `as` value and it is preloaded intentionally. @ https://www.amazon.es/dp/B01IDLG6RS:0
[  329258ms] [WARNING] The resource https://m.media-amazon.com/images/I/61EhOl9i4dL.js?AUIClients/ was preloaded using link preload but not used within a few seconds from the window's load event. Please make sure it has an appropriate `as` value and it is preloaded intentionally. @ https://www.amazon.es/dp/B01IDLG6RS:0
[  359252ms] [WARNING] The resource https://m.media-amazon.com/images/I/61n4ZyS8spL._RC%7C81QrR5UkbfL.js,31jsB13JlVL.js_.js?AUIClients/ was preloaded using link preload but not used within a few seconds from the window's load event. Please make sure it has an appropriate `as` value and it is preloaded intentionally. @ https://www.amazon.es/dp/B01IDLG6RS:0
[  359252ms] [WARNING] The resource https://m.media-amazon.com/images/I/51V1l-Z7zqL.js?AUIClients/ was preloaded using link preload but not used within a few seconds from the window's load event. Please make sure it has an appropriate `as` value and it is preloaded intentionally. @ https://www.amazon.es/dp/B01IDLG6RS:0
[  359252ms] [WARNING] The resource https://m.media-amazon.com/images/S/sash/dQmtOjc96Ff0nJe.js#sfClientUrl was preloaded using link preload but not used within a few seconds from the window's load event. Please make sure it has an appropriate `as` value and it is preloaded intentionally. @ https://www.amazon.es/dp/B01IDLG6RS:0
[  359252ms] [WARNING] The resource https://m.media-amazon.com/images/I/119lYNyqoQL.js?AUIClients/ was preloaded using link preload but not used within a few seconds from the window's load event. Please make sure it has an appropriate `as` value and it is preloaded intentionally. @ https://www.amazon.es/dp/B01IDLG6RS:0
[  359252ms] [WARNING] The resource https://m.media-amazon.com/images/I/51ORE2brWDL.js?AUIClients/ was preloaded using link preload but not used within a few seconds from the window's load event. Please make sure it has an appropriate `as` value and it is preloaded intentionally. @ https://www.amazon.es/dp/B01IDLG6RS:0
[  359252ms] [WARNING] The resource https://m.media-amazon.com/images/I/3191ejuFnBL.js?AUIClients/ was preloaded using link preload but not used within a few seconds from the window's load event. Please make sure it has an appropriate `as` value and it is preloaded intentionally. @ https://www.amazon.es/dp/B01IDLG6RS:0
[  359252ms] [WARNING] The resource https://m.media-amazon.com/images/I/51S-qOAsDtL.js?AUIClients/ was preloaded using link preload but not used within a few seconds from the window's load event. Please make sure it has an appropriate `as` value and it is preloaded intentionally. @ https://www.amazon.es/dp/B01IDLG6RS:0
[  359252ms] [WARNING] The resource https://m.media-amazon.com/images/S/sash/NaRkeLk0R2VxYa6.html#sfClientHtmlUrl was preloaded using link preload but not used within a few seconds from the window's load event. Please make sure it has an appropriate `as` value and it is preloaded intentionally. @ https://www.amazon.es/dp/B01IDLG6RS:0
[  359252ms] [WARNING] The resource https://m.media-amazon.com/images/I/31lqqqMDjxL.js?AUIClients/ was preloaded using link preload but not used within a few seconds from the window's load event. Please make sure it has an appropriate `as` value and it is preloaded intentionally. @ https://www.amazon.es/dp/B01IDLG6RS:0
[  359252ms] [WARNING] The resource https://m.media-amazon.com/images/I/61EhOl9i4dL.js?AUIClients/ was preloaded using link preload but not used within a few seconds from the window's load event. Please make sure it has an appropriate `as` value and it is preloaded intentionally. @ https://www.amazon.es/dp/B01IDLG6RS:0
[  389253ms] [WARNING] The resource https://m.media-amazon.com/images/I/61n4ZyS8spL._RC%7C81QrR5UkbfL.js,31jsB13JlVL.js_.js?AUIClients/ was preloaded using link preload but not used within a few seconds from the window's load event. Please make sure it has an appropriate `as` value and it is preloaded intentionally. @ https://www.amazon.es/dp/B01IDLG6RS:0
[  389253ms] [WARNING] The resource https://m.media-amazon.com/images/I/51V1l-Z7zqL.js?AUIClients/ was preloaded using link preload but not used within a few seconds from the window's load event. Please make sure it has an appropriate `as` value and it is preloaded intentionally. @ https://www.amazon.es/dp/B01IDLG6RS:0
[  389253ms] [WARNING] The resource https://m.media-amazon.com/images/S/sash/dQmtOjc96Ff0nJe.js#sfClientUrl was preloaded using link preload but not used within a few seconds from the window's load event. Please make sure it has an appropriate `as` value and it is preloaded intentionally. @ https://www.amazon.es/dp/B01IDLG6RS:0
[  389254ms] [WARNING] The resource https://m.media-amazon.com/images/I/119lYNyqoQL.js?AUIClients/ was preloaded using link preload but not used within a few seconds from the window's load event. Please make sure it has an appropriate `as` value and it is preloaded intentionally. @ https://www.amazon.es/dp/B01IDLG6RS:0
[  389254ms] [WARNING] The resource https://m.media-amazon.com/images/I/51ORE2brWDL.js?AUIClients/ was preloaded using link preload but not used within a few seconds from the window's load event. Please make sure it has an appropriate `as` value and it is preloaded intentionally. @ https://www.amazon.es/dp/B01IDLG6RS:0
[  389254ms] [WARNING] The resource https://m.media-amazon.com/images/I/3191ejuFnBL.js?AUIClients/ was preloaded using link preload but not used within a few seconds from the window's load event. Please make sure it has an appropriate `as` value and it is preloaded intentionally. @ https://www.amazon.es/dp/B01IDLG6RS:0
[  389254ms] [WARNING] The resource https://m.media-amazon.com/images/I/51S-qOAsDtL.js?AUIClients/ was preloaded using link preload but not used within a few seconds from the window's load event. Please make sure it has an appropriate `as` value and it is preloaded intentionally. @ https://www.amazon.es/dp/B01IDLG6RS:0
[  389254ms] [WARNING] The resource https://m.media-amazon.com/images/S/sash/NaRkeLk0R2VxYa6.html#sfClientHtmlUrl was preloaded using link preload but not used within a few seconds from the window's load event. Please make sure it has an appropriate `as` value and it is preloaded intentionally. @ https://www.amazon.es/dp/B01IDLG6RS:0
[  389254ms] [WARNING] The resource https://m.media-amazon.com/images/I/31lqqqMDjxL.js?AUIClients/ was preloaded using link preload but not used within a few seconds from the window's load event. Please make sure it has an appropriate `as` value and it is preloaded intentionally. @ https://www.amazon.es/dp/B01IDLG6RS:0
[  389254ms] [WARNING] The resource https://m.media-amazon.com/images/I/61EhOl9i4dL.js?AUIClients/ was preloaded using link preload but not used within a few seconds from the window's load event. Please make sure it has an appropriate `as` value and it is preloaded intentionally. @ https://www.amazon.es/dp/B01IDLG6RS:0
[  419256ms] [WARNING] The resource https://m.media-amazon.com/images/I/61n4ZyS8spL._RC%7C81QrR5UkbfL.js,31jsB13JlVL.js_.js?AUIClients/ was preloaded using link preload but not used within a few seconds from the window's load event. Please make sure it has an appropriate `as` value and it is preloaded intentionally. @ https://www.amazon.es/dp/B01IDLG6RS:0
[  419256ms] [WARNING] The resource https://m.media-amazon.com/images/I/51V1l-Z7zqL.js?AUIClients/ was preloaded using link preload but not used within a few seconds from the window's load event. Please make sure it has an appropriate `as` value and it is preloaded intentionally. @ https://www.amazon.es/dp/B01IDLG6RS:0
[  419256ms] [WARNING] The resource https://m.media-amazon.com/images/S/sash/dQmtOjc96Ff0nJe.js#sfClientUrl was preloaded using link preload but not used within a few seconds from the window's load event. Please make sure it has an appropriate `as` value and it is preloaded intentionally. @ https://www.amazon.es/dp/B01IDLG6RS:0
[  419256ms] [WARNING] The resource https://m.media-amazon.com/images/I/119lYNyqoQL.js?AUIClients/ was preloaded using link preload but not used within a few seconds from the window's load event. Please make sure it has an appropriate `as` value and it is preloaded intentionally. @ https://www.amazon.es/dp/B01IDLG6RS:0
[  419256ms] [WARNING] The resource https://m.media-amazon.com/images/I/51ORE2brWDL.js?AUIClients/ was preloaded using link preload but not used within a few seconds from the window's load event. Please make sure it has an appropriate `as` value and it is preloaded intentionally. @ https://www.amazon.es/dp/B01IDLG6RS:0
[  419256ms] [WARNING] The resource https://m.media-amazon.com/images/I/3191ejuFnBL.js?AUIClients/ was preloaded using link preload but not used within a few seconds from the window's load event. Please make sure it has an appropriate `as` value and it is preloaded intentionally. @ https://www.amazon.es/dp/B01IDLG6RS:0
[  419256ms] [WARNING] The resource https://m.media-amazon.com/images/I/51S-qOAsDtL.js?AUIClients/ was preloaded using link preload but not used within a few seconds from the window's load event. Please make sure it has an appropriate `as` value and it is preloaded intentionally. @ https://www.amazon.es/dp/B01IDLG6RS:0
[  419256ms] [WARNING] The resource https://m.media-amazon.com/images/S/sash/NaRkeLk0R2VxYa6.html#sfClientHtmlUrl was preloaded using link preload but not used within a few seconds from the window's load event. Please make sure it has an appropriate `as` value and it is preloaded intentionally. @ https://www.amazon.es/dp/B01IDLG6RS:0
[  419256ms] [WARNING] The resource https://m.media-amazon.com/images/I/31lqqqMDjxL.js?AUIClients/ was preloaded using link preload but not used within a few seconds from the window's load event. Please make sure it has an appropriate `as` value and it is preloaded intentionally. @ https://www.amazon.es/dp/B01IDLG6RS:0
[  419256ms] [WARNING] The resource https://m.media-amazon.com/images/I/61EhOl9i4dL.js?AUIClients/ was preloaded using link preload but not used within a few seconds from the window's load event. Please make sure it has an appropriate `as` value and it is preloaded intentionally. @ https://www.amazon.es/dp/B01IDLG6RS:0
[  449252ms] [WARNING] The resource https://m.media-amazon.com/images/I/61n4ZyS8spL._RC%7C81QrR5UkbfL.js,31jsB13JlVL.js_.js?AUIClients/ was preloaded using link preload but not used within a few seconds from the window's load event. Please make sure it has an appropriate `as` value and it is preloaded intentionally. @ https://www.amazon.es/dp/B01IDLG6RS:0
[  449252ms] [WARNING] The resource https://m.media-amazon.com/images/I/51V1l-Z7zqL.js?AUIClients/ was preloaded using link preload but not used within a few seconds from the window's load event. Please make sure it has an appropriate `as` value and it is preloaded intentionally. @ https://www.amazon.es/dp/B01IDLG6RS:0
[  449252ms] [WARNING] The resource https://m.media-amazon.com/images/S/sash/dQmtOjc96Ff0nJe.js#sfClientUrl was preloaded using link preload but not used within a few seconds from the window's load event. Please make sure it has an appropriate `as` value and it is preloaded intentionally. @ https://www.amazon.es/dp/B01IDLG6RS:0
[  449252ms] [WARNING] The resource https://m.media-amazon.com/images/I/119lYNyqoQL.js?AUIClients/ was preloaded using link preload but not used within a few seconds from the window's load event. Please make sure it has an appropriate `as` value and it is preloaded intentionally. @ https://www.amazon.es/dp/B01IDLG6RS:0
[  449252ms] [WARNING] The resource https://m.media-amazon.com/images/I/51ORE2brWDL.js?AUIClients/ was preloaded using link preload but not used within a few seconds from the window's load event. Please make sure it has an appropriate `as` value and it is preloaded intentionally. @ https://www.amazon.es/dp/B01IDLG6RS:0
[  449252ms] [WARNING] The resource https://m.media-amazon.com/images/I/3191ejuFnBL.js?AUIClients/ was preloaded using link preload but not used within a few seconds from the window's load event. Please make sure it has an appropriate `as` value and it is preloaded intentionally. @ https://www.amazon.es/dp/B01IDLG6RS:0
[  449252ms] [WARNING] The resource https://m.media-amazon.com/images/I/51S-qOAsDtL.js?AUIClients/ was preloaded using link preload but not used within a few seconds from the window's load event. Please make sure it has an appropriate `as` value and it is preloaded intentionally. @ https://www.amazon.es/dp/B01IDLG6RS:0
[  449252ms] [WARNING] The resource https://m.media-amazon.com/images/S/sash/NaRkeLk0R2VxYa6.html#sfClientHtmlUrl was preloaded using link preload but not used within a few seconds from the window's load event. Please make sure it has an appropriate `as` value and it is preloaded intentionally. @ https://www.amazon.es/dp/B01IDLG6RS:0
[  449252ms] [WARNING] The resource https://m.media-amazon.com/images/I/31lqqqMDjxL.js?AUIClients/ was preloaded using link preload but not used within a few seconds from the window's load event. Please make sure it has an appropriate `as` value and it is preloaded intentionally. @ https://www.amazon.es/dp/B01IDLG6RS:0
[  449252ms] [WARNING] The resource https://m.media-amazon.com/images/I/61EhOl9i4dL.js?AUIClients/ was preloaded using link preload but not used within a few seconds from the window's load event. Please make sure it has an appropriate `as` value and it is preloaded intentionally. @ https://www.amazon.es/dp/B01IDLG6RS:0
[  479250ms] [WARNING] The resource https://m.media-amazon.com/images/I/61n4ZyS8spL._RC%7C81QrR5UkbfL.js,31jsB13JlVL.js_.js?AUIClients/ was preloaded using link preload but not used within a few seconds from the window's load event. Please make sure it has an appropriate `as` value and it is preloaded intentionally. @ https://www.amazon.es/dp/B01IDLG6RS:0
[  479250ms] [WARNING] The resource https://m.media-amazon.com/images/I/51V1l-Z7zqL.js?AUIClients/ was preloaded using link preload but not used within a few seconds from the window's load event. Please make sure it has an appropriate `as` value and it is preloaded intentionally. @ https://www.amazon.es/dp/B01IDLG6RS:0
[  479250ms] [WARNING] The resource https://m.media-amazon.com/images/S/sash/dQmtOjc96Ff0nJe.js#sfClientUrl was preloaded using link preload but not used within a few seconds from the window's load event. Please make sure it has an appropriate `as` value and it is preloaded intentionally. @ https://www.amazon.es/dp/B01IDLG6RS:0
[  479250ms] [WARNING] The resource https://m.media-amazon.com/images/I/119lYNyqoQL.js?AUIClients/ was preloaded using link preload but not used within a few seconds from the window's load event. Please make sure it has an appropriate `as` value and it is preloaded intentionally. @ https://www.amazon.es/dp/B01IDLG6RS:0
[  479250ms] [WARNING] The resource https://m.media-amazon.com/images/I/51ORE2brWDL.js?AUIClients/ was preloaded using link preload but not used within a few seconds from the window's load event. Please make sure it has an appropriate `as` value and it is preloaded intentionally. @ https://www.amazon.es/dp/B01IDLG6RS:0
[  479250ms] [WARNING] The resource https://m.media-amazon.com/images/I/3191ejuFnBL.js?AUIClients/ was preloaded using link preload but not used within a few seconds from the window's load event. Please make sure it has an appropriate `as` value and it is preloaded intentionally. @ https://www.amazon.es/dp/B01IDLG6RS:0
[  479250ms] [WARNING] The resource https://m.media-amazon.com/images/I/51S-qOAsDtL.js?AUIClients/ was preloaded using link preload but not used within a few seconds from the window's load event. Please make sure it has an appropriate `as` value and it is preloaded intentionally. @ https://www.amazon.es/dp/B01IDLG6RS:0
[  479250ms] [WARNING] The resource https://m.media-amazon.com/images/S/sash/NaRkeLk0R2VxYa6.html#sfClientHtmlUrl was preloaded using link preload but not used within a few seconds from the window's load event. Please make sure it has an appropriate `as` value and it is preloaded intentionally. @ https://www.amazon.es/dp/B01IDLG6RS:0
[  479250ms] [WARNING] The resource https://m.media-amazon.com/images/I/31lqqqMDjxL.js?AUIClients/ was preloaded using link preload but not used within a few seconds from the window's load event. Please make sure it has an appropriate `as` value and it is preloaded intentionally. @ https://www.amazon.es/dp/B01IDLG6RS:0
[  479250ms] [WARNING] The resource https://m.media-amazon.com/images/I/61EhOl9i4dL.js?AUIClients/ was preloaded using link preload but not used within a few seconds from the window's load event. Please make sure it has an appropriate `as` value and it is preloaded intentionally. @ https://www.amazon.es/dp/B01IDLG6RS:0
[  509258ms] [WARNING] The resource https://m.media-amazon.com/images/I/61n4ZyS8spL._RC%7C81QrR5UkbfL.js,31jsB13JlVL.js_.js?AUIClients/ was preloaded using link preload but not used within a few seconds from the window's load event. Please make sure it has an appropriate `as` value and it is preloaded intentionally. @ https://www.amazon.es/dp/B01IDLG6RS:0
[  509258ms] [WARNING] The resource https://m.media-amazon.com/images/I/51V1l-Z7zqL.js?AUIClients/ was preloaded using link preload but not used within a few seconds from the window's load event. Please make sure it has an appropriate `as` value and it is preloaded intentionally. @ https://www.amazon.es/dp/B01IDLG6RS:0
[  509258ms] [WARNING] The resource https://m.media-amazon.com/images/S/sash/dQmtOjc96Ff0nJe.js#sfClientUrl was preloaded using link preload but not used within a few seconds from the window's load event. Please make sure it has an appropriate `as` value and it is preloaded intentionally. @ https://www.amazon.es/dp/B01IDLG6RS:0
[  509258ms] [WARNING] The resource https://m.media-amazon.com/images/I/119lYNyqoQL.js?AUIClients/ was preloaded using link preload but not used within a few seconds from the window's load event. Please make sure it has an appropriate `as` value and it is preloaded intentionally. @ https://www.amazon.es/dp/B01IDLG6RS:0
[  509258ms] [WARNING] The resource https://m.media-amazon.com/images/I/51ORE2brWDL.js?AUIClients/ was preloaded using link preload but not used within a few seconds from the window's load event. Please make sure it has an appropriate `as` value and it is preloaded intentionally. @ https://www.amazon.es/dp/B01IDLG6RS:0
[  509258ms] [WARNING] The resource https://m.media-amazon.com/images/I/3191ejuFnBL.js?AUIClients/ was preloaded using link preload but not used within a few seconds from the window's load event. Please make sure it has an appropriate `as` value and it is preloaded intentionally. @ https://www.amazon.es/dp/B01IDLG6RS:0
[  509258ms] [WARNING] The resource https://m.media-amazon.com/images/I/51S-qOAsDtL.js?AUIClients/ was preloaded using link preload but not used within a few seconds from the window's load event. Please make sure it has an appropriate `as` value and it is preloaded intentionally. @ https://www.amazon.es/dp/B01IDLG6RS:0
[  509258ms] [WARNING] The resource https://m.media-amazon.com/images/S/sash/NaRkeLk0R2VxYa6.html#sfClientHtmlUrl was preloaded using link preload but not used within a few seconds from the window's load event. Please make sure it has an appropriate `as` value and it is preloaded intentionally. @ https://www.amazon.es/dp/B01IDLG6RS:0
[  509258ms] [WARNING] The resource https://m.media-amazon.com/images/I/31lqqqMDjxL.js?AUIClients/ was preloaded using link preload but not used within a few seconds from the window's load event. Please make sure it has an appropriate `as` value and it is preloaded intentionally. @ https://www.amazon.es/dp/B01IDLG6RS:0
[  509258ms] [WARNING] The resource https://m.media-amazon.com/images/I/61EhOl9i4dL.js?AUIClients/ was preloaded using link preload but not used within a few seconds from the window's load event. Please make sure it has an appropriate `as` value and it is preloaded intentionally. @ https://www.amazon.es/dp/B01IDLG6RS:0
[  539248ms] [WARNING] The resource https://m.media-amazon.com/images/I/61n4ZyS8spL._RC%7C81QrR5UkbfL.js,31jsB13JlVL.js_.js?AUIClients/ was preloaded using link preload but not used within a few seconds from the window's load event. Please make sure it has an appropriate `as` value and it is preloaded intentionally. @ https://www.amazon.es/dp/B01IDLG6RS:0
[  539248ms] [WARNING] The resource https://m.media-amazon.com/images/I/51V1l-Z7zqL.js?AUIClients/ was preloaded using link preload but not used within a few seconds from the window's load event. Please make sure it has an appropriate `as` value and it is preloaded intentionally. @ https://www.amazon.es/dp/B01IDLG6RS:0
[  539248ms] [WARNING] The resource https://m.media-amazon.com/images/S/sash/dQmtOjc96Ff0nJe.js#sfClientUrl was preloaded using link preload but not used within a few seconds from the window's load event. Please make sure it has an appropriate `as` value and it is preloaded intentionally. @ https://www.amazon.es/dp/B01IDLG6RS:0
[  539248ms] [WARNING] The resource https://m.media-amazon.com/images/I/119lYNyqoQL.js?AUIClients/ was preloaded using link preload but not used within a few seconds from the window's load event. Please make sure it has an appropriate `as` value and it is preloaded intentionally. @ https://www.amazon.es/dp/B01IDLG6RS:0
[  539248ms] [WARNING] The resource https://m.media-amazon.com/images/I/51ORE2brWDL.js?AUIClients/ was preloaded using link preload but not used within a few seconds from the window's load event. Please make sure it has an appropriate `as` value and it is preloaded intentionally. @ https://www.amazon.es/dp/B01IDLG6RS:0
[  539248ms] [WARNING] The resource https://m.media-amazon.com/images/I/3191ejuFnBL.js?AUIClients/ was preloaded using link preload but not used within a few seconds from the window's load event. Please make sure it has an appropriate `as` value and it is preloaded intentionally. @ https://www.amazon.es/dp/B01IDLG6RS:0
[  539248ms] [WARNING] The resource https://m.media-amazon.com/images/I/51S-qOAsDtL.js?AUIClients/ was preloaded using link preload but not used within a few seconds from the window's load event. Please make sure it has an appropriate `as` value and it is preloaded intentionally. @ https://www.amazon.es/dp/B01IDLG6RS:0
[  539248ms] [WARNING] The resource https://m.media-amazon.com/images/S/sash/NaRkeLk0R2VxYa6.html#sfClientHtmlUrl was preloaded using link preload but not used within a few seconds from the window's load event. Please make sure it has an appropriate `as` value and it is preloaded intentionally. @ https://www.amazon.es/dp/B01IDLG6RS:0
[  539248ms] [WARNING] The resource https://m.media-amazon.com/images/I/31lqqqMDjxL.js?AUIClients/ was preloaded using link preload but not used within a few seconds from the window's load event. Please make sure it has an appropriate `as` value and it is preloaded intentionally. @ https://www.amazon.es/dp/B01IDLG6RS:0
[  539248ms] [WARNING] The resource https://m.media-amazon.com/images/I/61EhOl9i4dL.js?AUIClients/ was preloaded using link preload but not used within a few seconds from the window's load event. Please make sure it has an appropriate `as` value and it is preloaded intentionally. @ https://www.amazon.es/dp/B01IDLG6RS:0
[  569252ms] [WARNING] The resource https://m.media-amazon.com/images/I/61n4ZyS8spL._RC%7C81QrR5UkbfL.js,31jsB13JlVL.js_.js?AUIClients/ was preloaded using link preload but not used within a few seconds from the window's load event. Please make sure it has an appropriate `as` value and it is preloaded intentionally. @ https://www.amazon.es/dp/B01IDLG6RS:0
[  569252ms] [WARNING] The resource https://m.media-amazon.com/images/I/51V1l-Z7zqL.js?AUIClients/ was preloaded using link preload but not used within a few seconds from the window's load event. Please make sure it has an appropriate `as` value and it is preloaded intentionally. @ https://www.amazon.es/dp/B01IDLG6RS:0
[  569252ms] [WARNING] The resource https://m.media-amazon.com/images/S/sash/dQmtOjc96Ff0nJe.js#sfClientUrl was preloaded using link preload but not used within a few seconds from the window's load event. Please make sure it has an appropriate `as` value and it is preloaded intentionally. @ https://www.amazon.es/dp/B01IDLG6RS:0
[  569252ms] [WARNING] The resource https://m.media-amazon.com/images/I/119lYNyqoQL.js?AUIClients/ was preloaded using link preload but not used within a few seconds from the window's load event. Please make sure it has an appropriate `as` value and it is preloaded intentionally. @ https://www.amazon.es/dp/B01IDLG6RS:0
[  569252ms] [WARNING] The resource https://m.media-amazon.com/images/I/51ORE2brWDL.js?AUIClients/ was preloaded using link preload but not used within a few seconds from the window's load event. Please make sure it has an appropriate `as` value and it is preloaded intentionally. @ https://www.amazon.es/dp/B01IDLG6RS:0
[  569252ms] [WARNING] The resource https://m.media-amazon.com/images/I/3191ejuFnBL.js?AUIClients/ was preloaded using link preload but not used within a few seconds from the window's load event. Please make sure it has an appropriate `as` value and it is preloaded intentionally. @ https://www.amazon.es/dp/B01IDLG6RS:0
[  569252ms] [WARNING] The resource https://m.media-amazon.com/images/I/51S-qOAsDtL.js?AUIClients/ was preloaded using link preload but not used within a few seconds from the window's load event. Please make sure it has an appropriate `as` value and it is preloaded intentionally. @ https://www.amazon.es/dp/B01IDLG6RS:0
[  569252ms] [WARNING] The resource https://m.media-amazon.com/images/S/sash/NaRkeLk0R2VxYa6.html#sfClientHtmlUrl was preloaded using link preload but not used within a few seconds from the window's load event. Please make sure it has an appropriate `as` value and it is preloaded intentionally. @ https://www.amazon.es/dp/B01IDLG6RS:0
[  569253ms] [WARNING] The resource https://m.media-amazon.com/images/I/31lqqqMDjxL.js?AUIClients/ was preloaded using link preload but not used within a few seconds from the window's load event. Please make sure it has an appropriate `as` value and it is preloaded intentionally. @ https://www.amazon.es/dp/B01IDLG6RS:0
[  569253ms] [WARNING] The resource https://m.media-amazon.com/images/I/61EhOl9i4dL.js?AUIClients/ was preloaded using link preload but not used within a few seconds from the window's load event. Please make sure it has an appropriate `as` value and it is preloaded intentionally. @ https://www.amazon.es/dp/B01IDLG6RS:0
[  599254ms] [WARNING] The resource https://m.media-amazon.com/images/I/61n4ZyS8spL._RC%7C81QrR5UkbfL.js,31jsB13JlVL.js_.js?AUIClients/ was preloaded using link preload but not used within a few seconds from the window's load event. Please make sure it has an appropriate `as` value and it is preloaded intentionally. @ https://www.amazon.es/dp/B01IDLG6RS:0
[  599254ms] [WARNING] The resource https://m.media-amazon.com/images/I/51V1l-Z7zqL.js?AUIClients/ was preloaded using link preload but not used within a few seconds from the window's load event. Please make sure it has an appropriate `as` value and it is preloaded intentionally. @ https://www.amazon.es/dp/B01IDLG6RS:0
[  599254ms] [WARNING] The resource https://m.media-amazon.com/images/S/sash/dQmtOjc96Ff0nJe.js#sfClientUrl was preloaded using link preload but not used within a few seconds from the window's load event. Please make sure it has an appropriate `as` value and it is preloaded intentionally. @ https://www.amazon.es/dp/B01IDLG6RS:0
[  599254ms] [WARNING] The resource https://m.media-amazon.com/images/I/119lYNyqoQL.js?AUIClients/ was preloaded using link preload but not used within a few seconds from the window's load event. Please make sure it has an appropriate `as` value and it is preloaded intentionally. @ https://www.amazon.es/dp/B01IDLG6RS:0
[  599255ms] [WARNING] The resource https://m.media-amazon.com/images/I/51ORE2brWDL.js?AUIClients/ was preloaded using link preload but not used within a few seconds from the window's load event. Please make sure it has an appropriate `as` value and it is preloaded intentionally. @ https://www.amazon.es/dp/B01IDLG6RS:0
[  599255ms] [WARNING] The resource https://m.media-amazon.com/images/I/3191ejuFnBL.js?AUIClients/ was preloaded using link preload but not used within a few seconds from the window's load event. Please make sure it has an appropriate `as` value and it is preloaded intentionally. @ https://www.amazon.es/dp/B01IDLG6RS:0
[  599255ms] [WARNING] The resource https://m.media-amazon.com/images/I/51S-qOAsDtL.js?AUIClients/ was preloaded using link preload but not used within a few seconds from the window's load event. Please make sure it has an appropriate `as` value and it is preloaded intentionally. @ https://www.amazon.es/dp/B01IDLG6RS:0
[  599255ms] [WARNING] The resource https://m.media-amazon.com/images/S/sash/NaRkeLk0R2VxYa6.html#sfClientHtmlUrl was preloaded using link preload but not used within a few seconds from the window's load event. Please make sure it has an appropriate `as` value and it is preloaded intentionally. @ https://www.amazon.es/dp/B01IDLG6RS:0
[  599255ms] [WARNING] The resource https://m.media-amazon.com/images/I/31lqqqMDjxL.js?AUIClients/ was preloaded using link preload but not used within a few seconds from the window's load event. Please make sure it has an appropriate `as` value and it is preloaded intentionally. @ https://www.amazon.es/dp/B01IDLG6RS:0
[  599255ms] [WARNING] The resource https://m.media-amazon.com/images/I/61EhOl9i4dL.js?AUIClients/ was preloaded using link preload but not used within a few seconds from the window's load event. Please make sure it has an appropriate `as` value and it is preloaded intentionally. @ https://www.amazon.es/dp/B01IDLG6RS:0
[  629241ms] [WARNING] The resource https://m.media-amazon.com/images/I/61n4ZyS8spL._RC%7C81QrR5UkbfL.js,31jsB13JlVL.js_.js?AUIClients/ was preloaded using link preload but not used within a few seconds from the window's load event. Please make sure it has an appropriate `as` value and it is preloaded intentionally. @ https://www.amazon.es/dp/B01IDLG6RS:0
[  629241ms] [WARNING] The resource https://m.media-amazon.com/images/I/51V1l-Z7zqL.js?AUIClients/ was preloaded using link preload but not used within a few seconds from the window's load event. Please make sure it has an appropriate `as` value and it is preloaded intentionally. @ https://www.amazon.es/dp/B01IDLG6RS:0
[  629241ms] [WARNING] The resource https://m.media-amazon.com/images/S/sash/dQmtOjc96Ff0nJe.js#sfClientUrl was preloaded using link preload but not used within a few seconds from the window's load event. Please make sure it has an appropriate `as` value and it is preloaded intentionally. @ https://www.amazon.es/dp/B01IDLG6RS:0
[  629241ms] [WARNING] The resource https://m.media-amazon.com/images/I/119lYNyqoQL.js?AUIClients/ was preloaded using link preload but not used within a few seconds from the window's load event. Please make sure it has an appropriate `as` value and it is preloaded intentionally. @ https://www.amazon.es/dp/B01IDLG6RS:0
[  629242ms] [WARNING] The resource https://m.media-amazon.com/images/I/51ORE2brWDL.js?AUIClients/ was preloaded using link preload but not used within a few seconds from the window's load event. Please make sure it has an appropriate `as` value and it is preloaded intentionally. @ https://www.amazon.es/dp/B01IDLG6RS:0
[  629242ms] [WARNING] The resource https://m.media-amazon.com/images/I/3191ejuFnBL.js?AUIClients/ was preloaded using link preload but not used within a few seconds from the window's load event. Please make sure it has an appropriate `as` value and it is preloaded intentionally. @ https://www.amazon.es/dp/B01IDLG6RS:0
[  629242ms] [WARNING] The resource https://m.media-amazon.com/images/I/51S-qOAsDtL.js?AUIClients/ was preloaded using link preload but not used within a few seconds from the window's load event. Please make sure it has an appropriate `as` value and it is preloaded intentionally. @ https://www.amazon.es/dp/B01IDLG6RS:0
[  629242ms] [WARNING] The resource https://m.media-amazon.com/images/S/sash/NaRkeLk0R2VxYa6.html#sfClientHtmlUrl was preloaded using link preload but not used within a few seconds from the window's load event. Please make sure it has an appropriate `as` value and it is preloaded intentionally. @ https://www.amazon.es/dp/B01IDLG6RS:0
[  629242ms] [WARNING] The resource https://m.media-amazon.com/images/I/31lqqqMDjxL.js?AUIClients/ was preloaded using link preload but not used within a few seconds from the window's load event. Please make sure it has an appropriate `as` value and it is preloaded intentionally. @ https://www.amazon.es/dp/B01IDLG6RS:0
[  629242ms] [WARNING] The resource https://m.media-amazon.com/images/I/61EhOl9i4dL.js?AUIClients/ was preloaded using link preload but not used within a few seconds from the window's load event. Please make sure it has an appropriate `as` value and it is preloaded intentionally. @ https://www.amazon.es/dp/B01IDLG6RS:0
[  659250ms] [WARNING] The resource https://m.media-amazon.com/images/I/61n4ZyS8spL._RC%7C81QrR5UkbfL.js,31jsB13JlVL.js_.js?AUIClients/ was preloaded using link preload but not used within a few seconds from the window's load event. Please make sure it has an appropriate `as` value and it is preloaded intentionally. @ https://www.amazon.es/dp/B01IDLG6RS:0
[  659250ms] [WARNING] The resource https://m.media-amazon.com/images/I/51V1l-Z7zqL.js?AUIClients/ was preloaded using link preload but not used within a few seconds from the window's load event. Please make sure it has an appropriate `as` value and it is preloaded intentionally. @ https://www.amazon.es/dp/B01IDLG6RS:0
[  659250ms] [WARNING] The resource https://m.media-amazon.com/images/S/sash/dQmtOjc96Ff0nJe.js#sfClientUrl was preloaded using link preload but not used within a few seconds from the window's load event. Please make sure it has an appropriate `as` value and it is preloaded intentionally. @ https://www.amazon.es/dp/B01IDLG6RS:0
[  659250ms] [WARNING] The resource https://m.media-amazon.com/images/I/119lYNyqoQL.js?AUIClients/ was preloaded using link preload but not used within a few seconds from the window's load event. Please make sure it has an appropriate `as` value and it is preloaded intentionally. @ https://www.amazon.es/dp/B01IDLG6RS:0
[  659250ms] [WARNING] The resource https://m.media-amazon.com/images/I/51ORE2brWDL.js?AUIClients/ was preloaded using link preload but not used within a few seconds from the window's load event. Please make sure it has an appropriate `as` value and it is preloaded intentionally. @ https://www.amazon.es/dp/B01IDLG6RS:0
[  659250ms] [WARNING] The resource https://m.media-amazon.com/images/I/3191ejuFnBL.js?AUIClients/ was preloaded using link preload but not used within a few seconds from the window's load event. Please make sure it has an appropriate `as` value and it is preloaded intentionally. @ https://www.amazon.es/dp/B01IDLG6RS:0
[  659250ms] [WARNING] The resource https://m.media-amazon.com/images/I/51S-qOAsDtL.js?AUIClients/ was preloaded using link preload but not used within a few seconds from the window's load event. Please make sure it has an appropriate `as` value and it is preloaded intentionally. @ https://www.amazon.es/dp/B01IDLG6RS:0
[  659250ms] [WARNING] The resource https://m.media-amazon.com/images/S/sash/NaRkeLk0R2VxYa6.html#sfClientHtmlUrl was preloaded using link preload but not used within a few seconds from the window's load event. Please make sure it has an appropriate `as` value and it is preloaded intentionally. @ https://www.amazon.es/dp/B01IDLG6RS:0
[  659250ms] [WARNING] The resource https://m.media-amazon.com/images/I/31lqqqMDjxL.js?AUIClients/ was preloaded using link preload but not used within a few seconds from the window's load event. Please make sure it has an appropriate `as` value and it is preloaded intentionally. @ https://www.amazon.es/dp/B01IDLG6RS:0
[  659250ms] [WARNING] The resource https://m.media-amazon.com/images/I/61EhOl9i4dL.js?AUIClients/ was preloaded using link preload but not used within a few seconds from the window's load event. Please make sure it has an appropriate `as` value and it is preloaded intentionally. @ https://www.amazon.es/dp/B01IDLG6RS:0
[  689247ms] [WARNING] The resource https://m.media-amazon.com/images/I/61n4ZyS8spL._RC%7C81QrR5UkbfL.js,31jsB13JlVL.js_.js?AUIClients/ was preloaded using link preload but not used within a few seconds from the window's load event. Please make sure it has an appropriate `as` value and it is preloaded intentionally. @ https://www.amazon.es/dp/B01IDLG6RS:0
[  689247ms] [WARNING] The resource https://m.media-amazon.com/images/I/51V1l-Z7zqL.js?AUIClients/ was preloaded using link preload but not used within a few seconds from the window's load event. Please make sure it has an appropriate `as` value and it is preloaded intentionally. @ https://www.amazon.es/dp/B01IDLG6RS:0
[  689247ms] [WARNING] The resource https://m.media-amazon.com/images/S/sash/dQmtOjc96Ff0nJe.js#sfClientUrl was preloaded using link preload but not used within a few seconds from the window's load event. Please make sure it has an appropriate `as` value and it is preloaded intentionally. @ https://www.amazon.es/dp/B01IDLG6RS:0
[  689247ms] [WARNING] The resource https://m.media-amazon.com/images/I/119lYNyqoQL.js?AUIClients/ was preloaded using link preload but not used within a few seconds from the window's load event. Please make sure it has an appropriate `as` value and it is preloaded intentionally. @ https://www.amazon.es/dp/B01IDLG6RS:0
[  689247ms] [WARNING] The resource https://m.media-amazon.com/images/I/51ORE2brWDL.js?AUIClients/ was preloaded using link preload but not used within a few seconds from the window's load event. Please make sure it has an appropriate `as` value and it is preloaded intentionally. @ https://www.amazon.es/dp/B01IDLG6RS:0
[  689247ms] [WARNING] The resource https://m.media-amazon.com/images/I/3191ejuFnBL.js?AUIClients/ was preloaded using link preload but not used within a few seconds from the window's load event. Please make sure it has an appropriate `as` value and it is preloaded intentionally. @ https://www.amazon.es/dp/B01IDLG6RS:0
[  689247ms] [WARNING] The resource https://m.media-amazon.com/images/I/51S-qOAsDtL.js?AUIClients/ was preloaded using link preload but not used within a few seconds from the window's load event. Please make sure it has an appropriate `as` value and it is preloaded intentionally. @ https://www.amazon.es/dp/B01IDLG6RS:0
[  689247ms] [WARNING] The resource https://m.media-amazon.com/images/S/sash/NaRkeLk0R2VxYa6.html#sfClientHtmlUrl was preloaded using link preload but not used within a few seconds from the window's load event. Please make sure it has an appropriate `as` value and it is preloaded intentionally. @ https://www.amazon.es/dp/B01IDLG6RS:0
[  689247ms] [WARNING] The resource https://m.media-amazon.com/images/I/31lqqqMDjxL.js?AUIClients/ was preloaded using link preload but not used within a few seconds from the window's load event. Please make sure it has an appropriate `as` value and it is preloaded intentionally. @ https://www.amazon.es/dp/B01IDLG6RS:0
[  689247ms] [WARNING] The resource https://m.media-amazon.com/images/I/61EhOl9i4dL.js?AUIClients/ was preloaded using link preload but not used within a few seconds from the window's load event. Please make sure it has an appropriate `as` value and it is preloaded intentionally. @ https://www.amazon.es/dp/B01IDLG6RS:0
[  719253ms] [WARNING] The resource https://m.media-amazon.com/images/I/61n4ZyS8spL._RC%7C81QrR5UkbfL.js,31jsB13JlVL.js_.js?AUIClients/ was preloaded using link preload but not used within a few seconds from the window's load event. Please make sure it has an appropriate `as` value and it is preloaded intentionally. @ https://www.amazon.es/dp/B01IDLG6RS:0
[  719253ms] [WARNING] The resource https://m.media-amazon.com/images/I/51V1l-Z7zqL.js?AUIClients/ was preloaded using link preload but not used within a few seconds from the window's load event. Please make sure it has an appropriate `as` value and it is preloaded intentionally. @ https://www.amazon.es/dp/B01IDLG6RS:0
[  719253ms] [WARNING] The resource https://m.media-amazon.com/images/S/sash/dQmtOjc96Ff0nJe.js#sfClientUrl was preloaded using link preload but not used within a few seconds from the window's load event. Please make sure it has an appropriate `as` value and it is preloaded intentionally. @ https://www.amazon.es/dp/B01IDLG6RS:0
[  719253ms] [WARNING] The resource https://m.media-amazon.com/images/I/119lYNyqoQL.js?AUIClients/ was preloaded using link preload but not used within a few seconds from the window's load event. Please make sure it has an appropriate `as` value and it is preloaded intentionally. @ https://www.amazon.es/dp/B01IDLG6RS:0
[  719253ms] [WARNING] The resource https://m.media-amazon.com/images/I/51ORE2brWDL.js?AUIClients/ was preloaded using link preload but not used within a few seconds from the window's load event. Please make sure it has an appropriate `as` value and it is preloaded intentionally. @ https://www.amazon.es/dp/B01IDLG6RS:0
[  719253ms] [WARNING] The resource https://m.media-amazon.com/images/I/3191ejuFnBL.js?AUIClients/ was preloaded using link preload but not used within a few seconds from the window's load event. Please make sure it has an appropriate `as` value and it is preloaded intentionally. @ https://www.amazon.es/dp/B01IDLG6RS:0
[  719253ms] [WARNING] The resource https://m.media-amazon.com/images/I/51S-qOAsDtL.js?AUIClients/ was preloaded using link preload but not used within a few seconds from the window's load event. Please make sure it has an appropriate `as` value and it is preloaded intentionally. @ https://www.amazon.es/dp/B01IDLG6RS:0
[  719253ms] [WARNING] The resource https://m.media-amazon.com/images/S/sash/NaRkeLk0R2VxYa6.html#sfClientHtmlUrl was preloaded using link preload but not used within a few seconds from the window's load event. Please make sure it has an appropriate `as` value and it is preloaded intentionally. @ https://www.amazon.es/dp/B01IDLG6RS:0
[  719253ms] [WARNING] The resource https://m.media-amazon.com/images/I/31lqqqMDjxL.js?AUIClients/ was preloaded using link preload but not used within a few seconds from the window's load event. Please make sure it has an appropriate `as` value and it is preloaded intentionally. @ https://www.amazon.es/dp/B01IDLG6RS:0
[  719253ms] [WARNING] The resource https://m.media-amazon.com/images/I/61EhOl9i4dL.js?AUIClients/ was preloaded using link preload but not used within a few seconds from the window's load event. Please make sure it has an appropriate `as` value and it is preloaded intentionally. @ https://www.amazon.es/dp/B01IDLG6RS:0
[  749235ms] [WARNING] The resource https://m.media-amazon.com/images/I/61n4ZyS8spL._RC%7C81QrR5UkbfL.js,31jsB13JlVL.js_.js?AUIClients/ was preloaded using link preload but not used within a few seconds from the window's load event. Please make sure it has an appropriate `as` value and it is preloaded intentionally. @ https://www.amazon.es/dp/B01IDLG6RS:0
[  749235ms] [WARNING] The resource https://m.media-amazon.com/images/I/51V1l-Z7zqL.js?AUIClients/ was preloaded using link preload but not used within a few seconds from the window's load event. Please make sure it has an appropriate `as` value and it is preloaded intentionally. @ https://www.amazon.es/dp/B01IDLG6RS:0
[  749235ms] [WARNING] The resource https://m.media-amazon.com/images/S/sash/dQmtOjc96Ff0nJe.js#sfClientUrl was preloaded using link preload but not used within a few seconds from the window's load event. Please make sure it has an appropriate `as` value and it is preloaded intentionally. @ https://www.amazon.es/dp/B01IDLG6RS:0
[  749235ms] [WARNING] The resource https://m.media-amazon.com/images/I/119lYNyqoQL.js?AUIClients/ was preloaded using link preload but not used within a few seconds from the window's load event. Please make sure it has an appropriate `as` value and it is preloaded intentionally. @ https://www.amazon.es/dp/B01IDLG6RS:0
[  749235ms] [WARNING] The resource https://m.media-amazon.com/images/I/51ORE2brWDL.js?AUIClients/ was preloaded using link preload but not used within a few seconds from the window's load event. Please make sure it has an appropriate `as` value and it is preloaded intentionally. @ https://www.amazon.es/dp/B01IDLG6RS:0
[  749235ms] [WARNING] The resource https://m.media-amazon.com/images/I/3191ejuFnBL.js?AUIClients/ was preloaded using link preload but not used within a few seconds from the window's load event. Please make sure it has an appropriate `as` value and it is preloaded intentionally. @ https://www.amazon.es/dp/B01IDLG6RS:0
[  749235ms] [WARNING] The resource https://m.media-amazon.com/images/I/51S-qOAsDtL.js?AUIClients/ was preloaded using link preload but not used within a few seconds from the window's load event. Please make sure it has an appropriate `as` value and it is preloaded intentionally. @ https://www.amazon.es/dp/B01IDLG6RS:0
[  749235ms] [WARNING] The resource https://m.media-amazon.com/images/S/sash/NaRkeLk0R2VxYa6.html#sfClientHtmlUrl was preloaded using link preload but not used within a few seconds from the window's load event. Please make sure it has an appropriate `as` value and it is preloaded intentionally. @ https://www.amazon.es/dp/B01IDLG6RS:0
[  749235ms] [WARNING] The resource https://m.media-amazon.com/images/I/31lqqqMDjxL.js?AUIClients/ was preloaded using link preload but not used within a few seconds from the window's load event. Please make sure it has an appropriate `as` value and it is preloaded intentionally. @ https://www.amazon.es/dp/B01IDLG6RS:0
[  749236ms] [WARNING] The resource https://m.media-amazon.com/images/I/61EhOl9i4dL.js?AUIClients/ was preloaded using link preload but not used within a few seconds from the window's load event. Please make sure it has an appropriate `as` value and it is preloaded intentionally. @ https://www.amazon.es/dp/B01IDLG6RS:0
[  784389ms] [WARNING] The resource https://m.media-amazon.com/images/I/61n4ZyS8spL._RC%7C81QrR5UkbfL.js,31jsB13JlVL.js_.js?AUIClients/ was preloaded using link preload but not used within a few seconds from the window's load event. Please make sure it has an appropriate `as` value and it is preloaded intentionally. @ https://www.amazon.es/dp/B01IDLG6RS:0
[  784390ms] [WARNING] The resource https://m.media-amazon.com/images/I/51V1l-Z7zqL.js?AUIClients/ was preloaded using link preload but not used within a few seconds from the window's load event. Please make sure it has an appropriate `as` value and it is preloaded intentionally. @ https://www.amazon.es/dp/B01IDLG6RS:0
[  784390ms] [WARNING] The resource https://m.media-amazon.com/images/S/sash/dQmtOjc96Ff0nJe.js#sfClientUrl was preloaded using link preload but not used within a few seconds from the window's load event. Please make sure it has an appropriate `as` value and it is preloaded intentionally. @ https://www.amazon.es/dp/B01IDLG6RS:0
[  784390ms] [WARNING] The resource https://m.media-amazon.com/images/I/119lYNyqoQL.js?AUIClients/ was preloaded using link preload but not used within a few seconds from the window's load event. Please make sure it has an appropriate `as` value and it is preloaded intentionally. @ https://www.amazon.es/dp/B01IDLG6RS:0
[  784390ms] [WARNING] The resource https://m.media-amazon.com/images/I/51ORE2brWDL.js?AUIClients/ was preloaded using link preload but not used within a few seconds from the window's load event. Please make sure it has an appropriate `as` value and it is preloaded intentionally. @ https://www.amazon.es/dp/B01IDLG6RS:0
[  784390ms] [WARNING] The resource https://m.media-amazon.com/images/I/3191ejuFnBL.js?AUIClients/ was preloaded using link preload but not used within a few seconds from the window's load event. Please make sure it has an appropriate `as` value and it is preloaded intentionally. @ https://www.amazon.es/dp/B01IDLG6RS:0
[  784390ms] [WARNING] The resource https://m.media-amazon.com/images/I/51S-qOAsDtL.js?AUIClients/ was preloaded using link preload but not used within a few seconds from the window's load event. Please make sure it has an appropriate `as` value and it is preloaded intentionally. @ https://www.amazon.es/dp/B01IDLG6RS:0
[  784390ms] [WARNING] The resource https://m.media-amazon.com/images/S/sash/NaRkeLk0R2VxYa6.html#sfClientHtmlUrl was preloaded using link preload but not used within a few seconds from the window's load event. Please make sure it has an appropriate `as` value and it is preloaded intentionally. @ https://www.amazon.es/dp/B01IDLG6RS:0
[  784390ms] [WARNING] The resource https://m.media-amazon.com/images/I/31lqqqMDjxL.js?AUIClients/ was preloaded using link preload but not used within a few seconds from the window's load event. Please make sure it has an appropriate `as` value and it is preloaded intentionally. @ https://www.amazon.es/dp/B01IDLG6RS:0
[  784390ms] [WARNING] The resource https://m.media-amazon.com/images/I/61EhOl9i4dL.js?AUIClients/ was preloaded using link preload but not used within a few seconds from the window's load event. Please make sure it has an appropriate `as` value and it is preloaded intentionally. @ https://www.amazon.es/dp/B01IDLG6RS:0
[  797023ms] [WARNING] The resource https://m.media-amazon.com/images/I/61n4ZyS8spL._RC%7C81QrR5UkbfL.js,31jsB13JlVL.js_.js?AUIClients/ was preloaded using link preload but not used within a few seconds from the window's load event. Please make sure it has an appropriate `as` value and it is preloaded intentionally. @ https://www.amazon.es/dp/B01IDLG6RS:0
[  797023ms] [WARNING] The resource https://m.media-amazon.com/images/I/51V1l-Z7zqL.js?AUIClients/ was preloaded using link preload but not used within a few seconds from the window's load event. Please make sure it has an appropriate `as` value and it is preloaded intentionally. @ https://www.amazon.es/dp/B01IDLG6RS:0
[  797023ms] [WARNING] The resource https://m.media-amazon.com/images/S/sash/dQmtOjc96Ff0nJe.js#sfClientUrl was preloaded using link preload but not used within a few seconds from the window's load event. Please make sure it has an appropriate `as` value and it is preloaded intentionally. @ https://www.amazon.es/dp/B01IDLG6RS:0
[  797023ms] [WARNING] The resource https://m.media-amazon.com/images/I/119lYNyqoQL.js?AUIClients/ was preloaded using link preload but not used within a few seconds from the window's load event. Please make sure it has an appropriate `as` value and it is preloaded intentionally. @ https://www.amazon.es/dp/B01IDLG6RS:0
[  797023ms] [WARNING] The resource https://m.media-amazon.com/images/I/51ORE2brWDL.js?AUIClients/ was preloaded using link preload but not used within a few seconds from the window's load event. Please make sure it has an appropriate `as` value and it is preloaded intentionally. @ https://www.amazon.es/dp/B01IDLG6RS:0
[  797023ms] [WARNING] The resource https://m.media-amazon.com/images/I/3191ejuFnBL.js?AUIClients/ was preloaded using link preload but not used within a few seconds from the window's load event. Please make sure it has an appropriate `as` value and it is preloaded intentionally. @ https://www.amazon.es/dp/B01IDLG6RS:0
[  797023ms] [WARNING] The resource https://m.media-amazon.com/images/I/51S-qOAsDtL.js?AUIClients/ was preloaded using link preload but not used within a few seconds from the window's load event. Please make sure it has an appropriate `as` value and it is preloaded intentionally. @ https://www.amazon.es/dp/B01IDLG6RS:0
[  797023ms] [WARNING] The resource https://m.media-amazon.com/images/S/sash/NaRkeLk0R2VxYa6.html#sfClientHtmlUrl was preloaded using link preload but not used within a few seconds from the window's load event. Please make sure it has an appropriate `as` value and it is preloaded intentionally. @ https://www.amazon.es/dp/B01IDLG6RS:0
[  797023ms] [WARNING] The resource https://m.media-amazon.com/images/I/31lqqqMDjxL.js?AUIClients/ was preloaded using link preload but not used within a few seconds from the window's load event. Please make sure it has an appropriate `as` value and it is preloaded intentionally. @ https://www.amazon.es/dp/B01IDLG6RS:0
[  797023ms] [WARNING] The resource https://m.media-amazon.com/images/I/61EhOl9i4dL.js?AUIClients/ was preloaded using link preload but not used within a few seconds from the window's load event. Please make sure it has an appropriate `as` value and it is preloaded intentionally. @ https://www.amazon.es/dp/B01IDLG6RS:0
[  814385ms] [WARNING] The resource https://m.media-amazon.com/images/I/61n4ZyS8spL._RC%7C81QrR5UkbfL.js,31jsB13JlVL.js_.js?AUIClients/ was preloaded using link preload but not used within a few seconds from the window's load event. Please make sure it has an appropriate `as` value and it is preloaded intentionally. @ https://www.amazon.es/dp/B01IDLG6RS:0
[  814385ms] [WARNING] The resource https://m.media-amazon.com/images/I/51V1l-Z7zqL.js?AUIClients/ was preloaded using link preload but not used within a few seconds from the window's load event. Please make sure it has an appropriate `as` value and it is preloaded intentionally. @ https://www.amazon.es/dp/B01IDLG6RS:0
[  814385ms] [WARNING] The resource https://m.media-amazon.com/images/S/sash/dQmtOjc96Ff0nJe.js#sfClientUrl was preloaded using link preload but not used within a few seconds from the window's load event. Please make sure it has an appropriate `as` value and it is preloaded intentionally. @ https://www.amazon.es/dp/B01IDLG6RS:0
[  814385ms] [WARNING] The resource https://m.media-amazon.com/images/I/119lYNyqoQL.js?AUIClients/ was preloaded using link preload but not used within a few seconds from the window's load event. Please make sure it has an appropriate `as` value and it is preloaded intentionally. @ https://www.amazon.es/dp/B01IDLG6RS:0
[  814385ms] [WARNING] The resource https://m.media-amazon.com/images/I/51ORE2brWDL.js?AUIClients/ was preloaded using link preload but not used within a few seconds from the window's load event. Please make sure it has an appropriate `as` value and it is preloaded intentionally. @ https://www.amazon.es/dp/B01IDLG6RS:0
[  814386ms] [WARNING] The resource https://m.media-amazon.com/images/I/3191ejuFnBL.js?AUIClients/ was preloaded using link preload but not used within a few seconds from the window's load event. Please make sure it has an appropriate `as` value and it is preloaded intentionally. @ https://www.amazon.es/dp/B01IDLG6RS:0
[  814386ms] [WARNING] The resource https://m.media-amazon.com/images/I/51S-qOAsDtL.js?AUIClients/ was preloaded using link preload but not used within a few seconds from the window's load event. Please make sure it has an appropriate `as` value and it is preloaded intentionally. @ https://www.amazon.es/dp/B01IDLG6RS:0
[  814386ms] [WARNING] The resource https://m.media-amazon.com/images/S/sash/NaRkeLk0R2VxYa6.html#sfClientHtmlUrl was preloaded using link preload but not used within a few seconds from the window's load event. Please make sure it has an appropriate `as` value and it is preloaded intentionally. @ https://www.amazon.es/dp/B01IDLG6RS:0
[  814386ms] [WARNING] The resource https://m.media-amazon.com/images/I/31lqqqMDjxL.js?AUIClients/ was preloaded using link preload but not used within a few seconds from the window's load event. Please make sure it has an appropriate `as` value and it is preloaded intentionally. @ https://www.amazon.es/dp/B01IDLG6RS:0
[  814386ms] [WARNING] The resource https://m.media-amazon.com/images/I/61EhOl9i4dL.js?AUIClients/ was preloaded using link preload but not used within a few seconds from the window's load event. Please make sure it has an appropriate `as` value and it is preloaded intentionally. @ https://www.amazon.es/dp/B01IDLG6RS:0
[  844390ms] [WARNING] The resource https://m.media-amazon.com/images/I/61n4ZyS8spL._RC%7C81QrR5UkbfL.js,31jsB13JlVL.js_.js?AUIClients/ was preloaded using link preload but not used within a few seconds from the window's load event. Please make sure it has an appropriate `as` value and it is preloaded intentionally. @ https://www.amazon.es/dp/B01IDLG6RS:0
[  844390ms] [WARNING] The resource https://m.media-amazon.com/images/I/51V1l-Z7zqL.js?AUIClients/ was preloaded using link preload but not used within a few seconds from the window's load event. Please make sure it has an appropriate `as` value and it is preloaded intentionally. @ https://www.amazon.es/dp/B01IDLG6RS:0
[  844390ms] [WARNING] The resource https://m.media-amazon.com/images/S/sash/dQmtOjc96Ff0nJe.js#sfClientUrl was preloaded using link preload but not used within a few seconds from the window's load event. Please make sure it has an appropriate `as` value and it is preloaded intentionally. @ https://www.amazon.es/dp/B01IDLG6RS:0
[  844390ms] [WARNING] The resource https://m.media-amazon.com/images/I/119lYNyqoQL.js?AUIClients/ was preloaded using link preload but not used within a few seconds from the window's load event. Please make sure it has an appropriate `as` value and it is preloaded intentionally. @ https://www.amazon.es/dp/B01IDLG6RS:0
[  844390ms] [WARNING] The resource https://m.media-amazon.com/images/I/51ORE2brWDL.js?AUIClients/ was preloaded using link preload but not used within a few seconds from the window's load event. Please make sure it has an appropriate `as` value and it is preloaded intentionally. @ https://www.amazon.es/dp/B01IDLG6RS:0
[  844390ms] [WARNING] The resource https://m.media-amazon.com/images/I/3191ejuFnBL.js?AUIClients/ was preloaded using link preload but not used within a few seconds from the window's load event. Please make sure it has an appropriate `as` value and it is preloaded intentionally. @ https://www.amazon.es/dp/B01IDLG6RS:0
[  844390ms] [WARNING] The resource https://m.media-amazon.com/images/I/51S-qOAsDtL.js?AUIClients/ was preloaded using link preload but not used within a few seconds from the window's load event. Please make sure it has an appropriate `as` value and it is preloaded intentionally. @ https://www.amazon.es/dp/B01IDLG6RS:0
[  844390ms] [WARNING] The resource https://m.media-amazon.com/images/S/sash/NaRkeLk0R2VxYa6.html#sfClientHtmlUrl was preloaded using link preload but not used within a few seconds from the window's load event. Please make sure it has an appropriate `as` value and it is preloaded intentionally. @ https://www.amazon.es/dp/B01IDLG6RS:0
[  844390ms] [WARNING] The resource https://m.media-amazon.com/images/I/31lqqqMDjxL.js?AUIClients/ was preloaded using link preload but not used within a few seconds from the window's load event. Please make sure it has an appropriate `as` value and it is preloaded intentionally. @ https://www.amazon.es/dp/B01IDLG6RS:0
[  844390ms] [WARNING] The resource https://m.media-amazon.com/images/I/61EhOl9i4dL.js?AUIClients/ was preloaded using link preload but not used within a few seconds from the window's load event. Please make sure it has an appropriate `as` value and it is preloaded intentionally. @ https://www.amazon.es/dp/B01IDLG6RS:0
[  874392ms] [WARNING] The resource https://m.media-amazon.com/images/I/61n4ZyS8spL._RC%7C81QrR5UkbfL.js,31jsB13JlVL.js_.js?AUIClients/ was preloaded using link preload but not used within a few seconds from the window's load event. Please make sure it has an appropriate `as` value and it is preloaded intentionally. @ https://www.amazon.es/dp/B01IDLG6RS:0
[  874392ms] [WARNING] The resource https://m.media-amazon.com/images/I/51V1l-Z7zqL.js?AUIClients/ was preloaded using link preload but not used within a few seconds from the window's load event. Please make sure it has an appropriate `as` value and it is preloaded intentionally. @ https://www.amazon.es/dp/B01IDLG6RS:0
[  874392ms] [WARNING] The resource https://m.media-amazon.com/images/S/sash/dQmtOjc96Ff0nJe.js#sfClientUrl was preloaded using link preload but not used within a few seconds from the window's load event. Please make sure it has an appropriate `as` value and it is preloaded intentionally. @ https://www.amazon.es/dp/B01IDLG6RS:0
[  874392ms] [WARNING] The resource https://m.media-amazon.com/images/I/119lYNyqoQL.js?AUIClients/ was preloaded using link preload but not used within a few seconds from the window's load event. Please make sure it has an appropriate `as` value and it is preloaded intentionally. @ https://www.amazon.es/dp/B01IDLG6RS:0
[  874392ms] [WARNING] The resource https://m.media-amazon.com/images/I/51ORE2brWDL.js?AUIClients/ was preloaded using link preload but not used within a few seconds from the window's load event. Please make sure it has an appropriate `as` value and it is preloaded intentionally. @ https://www.amazon.es/dp/B01IDLG6RS:0
[  874392ms] [WARNING] The resource https://m.media-amazon.com/images/I/3191ejuFnBL.js?AUIClients/ was preloaded using link preload but not used within a few seconds from the window's load event. Please make sure it has an appropriate `as` value and it is preloaded intentionally. @ https://www.amazon.es/dp/B01IDLG6RS:0
[  874392ms] [WARNING] The resource https://m.media-amazon.com/images/I/51S-qOAsDtL.js?AUIClients/ was preloaded using link preload but not used within a few seconds from the window's load event. Please make sure it has an appropriate `as` value and it is preloaded intentionally. @ https://www.amazon.es/dp/B01IDLG6RS:0
[  874392ms] [WARNING] The resource https://m.media-amazon.com/images/S/sash/NaRkeLk0R2VxYa6.html#sfClientHtmlUrl was preloaded using link preload but not used within a few seconds from the window's load event. Please make sure it has an appropriate `as` value and it is preloaded intentionally. @ https://www.amazon.es/dp/B01IDLG6RS:0
[  874392ms] [WARNING] The resource https://m.media-amazon.com/images/I/31lqqqMDjxL.js?AUIClients/ was preloaded using link preload but not used within a few seconds from the window's load event. Please make sure it has an appropriate `as` value and it is preloaded intentionally. @ https://www.amazon.es/dp/B01IDLG6RS:0
[  874392ms] [WARNING] The resource https://m.media-amazon.com/images/I/61EhOl9i4dL.js?AUIClients/ was preloaded using link preload but not used within a few seconds from the window's load event. Please make sure it has an appropriate `as` value and it is preloaded intentionally. @ https://www.amazon.es/dp/B01IDLG6RS:0
[  904383ms] [WARNING] The resource https://m.media-amazon.com/images/I/61n4ZyS8spL._RC%7C81QrR5UkbfL.js,31jsB13JlVL.js_.js?AUIClients/ was preloaded using link preload but not used within a few seconds from the window's load event. Please make sure it has an appropriate `as` value and it is preloaded intentionally. @ https://www.amazon.es/dp/B01IDLG6RS:0
[  904383ms] [WARNING] The resource https://m.media-amazon.com/images/I/51V1l-Z7zqL.js?AUIClients/ was preloaded using link preload but not used within a few seconds from the window's load event. Please make sure it has an appropriate `as` value and it is preloaded intentionally. @ https://www.amazon.es/dp/B01IDLG6RS:0
[  904383ms] [WARNING] The resource https://m.media-amazon.com/images/S/sash/dQmtOjc96Ff0nJe.js#sfClientUrl was preloaded using link preload but not used within a few seconds from the window's load event. Please make sure it has an appropriate `as` value and it is preloaded intentionally. @ https://www.amazon.es/dp/B01IDLG6RS:0
[  904383ms] [WARNING] The resource https://m.media-amazon.com/images/I/119lYNyqoQL.js?AUIClients/ was preloaded using link preload but not used within a few seconds from the window's load event. Please make sure it has an appropriate `as` value and it is preloaded intentionally. @ https://www.amazon.es/dp/B01IDLG6RS:0
[  904383ms] [WARNING] The resource https://m.media-amazon.com/images/I/51ORE2brWDL.js?AUIClients/ was preloaded using link preload but not used within a few seconds from the window's load event. Please make sure it has an appropriate `as` value and it is preloaded intentionally. @ https://www.amazon.es/dp/B01IDLG6RS:0
[  904383ms] [WARNING] The resource https://m.media-amazon.com/images/I/3191ejuFnBL.js?AUIClients/ was preloaded using link preload but not used within a few seconds from the window's load event. Please make sure it has an appropriate `as` value and it is preloaded intentionally. @ https://www.amazon.es/dp/B01IDLG6RS:0
[  904383ms] [WARNING] The resource https://m.media-amazon.com/images/I/51S-qOAsDtL.js?AUIClients/ was preloaded using link preload but not used within a few seconds from the window's load event. Please make sure it has an appropriate `as` value and it is preloaded intentionally. @ https://www.amazon.es/dp/B01IDLG6RS:0
[  904383ms] [WARNING] The resource https://m.media-amazon.com/images/S/sash/NaRkeLk0R2VxYa6.html#sfClientHtmlUrl was preloaded using link preload but not used within a few seconds from the window's load event. Please make sure it has an appropriate `as` value and it is preloaded intentionally. @ https://www.amazon.es/dp/B01IDLG6RS:0
[  904383ms] [WARNING] The resource https://m.media-amazon.com/images/I/31lqqqMDjxL.js?AUIClients/ was preloaded using link preload but not used within a few seconds from the window's load event. Please make sure it has an appropriate `as` value and it is preloaded intentionally. @ https://www.amazon.es/dp/B01IDLG6RS:0
[  904383ms] [WARNING] The resource https://m.media-amazon.com/images/I/61EhOl9i4dL.js?AUIClients/ was preloaded using link preload but not used within a few seconds from the window's load event. Please make sure it has an appropriate `as` value and it is preloaded intentionally. @ https://www.amazon.es/dp/B01IDLG6RS:0
[  934391ms] [WARNING] The resource https://m.media-amazon.com/images/I/61n4ZyS8spL._RC%7C81QrR5UkbfL.js,31jsB13JlVL.js_.js?AUIClients/ was preloaded using link preload but not used within a few seconds from the window's load event. Please make sure it has an appropriate `as` value and it is preloaded intentionally. @ https://www.amazon.es/dp/B01IDLG6RS:0
[  934391ms] [WARNING] The resource https://m.media-amazon.com/images/I/51V1l-Z7zqL.js?AUIClients/ was preloaded using link preload but not used within a few seconds from the window's load event. Please make sure it has an appropriate `as` value and it is preloaded intentionally. @ https://www.amazon.es/dp/B01IDLG6RS:0
[  934391ms] [WARNING] The resource https://m.media-amazon.com/images/S/sash/dQmtOjc96Ff0nJe.js#sfClientUrl was preloaded using link preload but not used within a few seconds from the window's load event. Please make sure it has an appropriate `as` value and it is preloaded intentionally. @ https://www.amazon.es/dp/B01IDLG6RS:0
[  934391ms] [WARNING] The resource https://m.media-amazon.com/images/I/119lYNyqoQL.js?AUIClients/ was preloaded using link preload but not used within a few seconds from the window's load event. Please make sure it has an appropriate `as` value and it is preloaded intentionally. @ https://www.amazon.es/dp/B01IDLG6RS:0
[  934391ms] [WARNING] The resource https://m.media-amazon.com/images/I/51ORE2brWDL.js?AUIClients/ was preloaded using link preload but not used within a few seconds from the window's load event. Please make sure it has an appropriate `as` value and it is preloaded intentionally. @ https://www.amazon.es/dp/B01IDLG6RS:0
[  934391ms] [WARNING] The resource https://m.media-amazon.com/images/I/3191ejuFnBL.js?AUIClients/ was preloaded using link preload but not used within a few seconds from the window's load event. Please make sure it has an appropriate `as` value and it is preloaded intentionally. @ https://www.amazon.es/dp/B01IDLG6RS:0
[  934391ms] [WARNING] The resource https://m.media-amazon.com/images/I/51S-qOAsDtL.js?AUIClients/ was preloaded using link preload but not used within a few seconds from the window's load event. Please make sure it has an appropriate `as` value and it is preloaded intentionally. @ https://www.amazon.es/dp/B01IDLG6RS:0
[  934391ms] [WARNING] The resource https://m.media-amazon.com/images/S/sash/NaRkeLk0R2VxYa6.html#sfClientHtmlUrl was preloaded using link preload but not used within a few seconds from the window's load event. Please make sure it has an appropriate `as` value and it is preloaded intentionally. @ https://www.amazon.es/dp/B01IDLG6RS:0
[  934391ms] [WARNING] The resource https://m.media-amazon.com/images/I/31lqqqMDjxL.js?AUIClients/ was preloaded using link preload but not used within a few seconds from the window's load event. Please make sure it has an appropriate `as` value and it is preloaded intentionally. @ https://www.amazon.es/dp/B01IDLG6RS:0
[  934391ms] [WARNING] The resource https://m.media-amazon.com/images/I/61EhOl9i4dL.js?AUIClients/ was preloaded using link preload but not used within a few seconds from the window's load event. Please make sure it has an appropriate `as` value and it is preloaded intentionally. @ https://www.amazon.es/dp/B01IDLG6RS:0
[  964398ms] [WARNING] The resource https://m.media-amazon.com/images/I/61n4ZyS8spL._RC%7C81QrR5UkbfL.js,31jsB13JlVL.js_.js?AUIClients/ was preloaded using link preload but not used within a few seconds from the window's load event. Please make sure it has an appropriate `as` value and it is preloaded intentionally. @ https://www.amazon.es/dp/B01IDLG6RS:0
[  964399ms] [WARNING] The resource https://m.media-amazon.com/images/I/51V1l-Z7zqL.js?AUIClients/ was preloaded using link preload but not used within a few seconds from the window's load event. Please make sure it has an appropriate `as` value and it is preloaded intentionally. @ https://www.amazon.es/dp/B01IDLG6RS:0
[  964399ms] [WARNING] The resource https://m.media-amazon.com/images/S/sash/dQmtOjc96Ff0nJe.js#sfClientUrl was preloaded using link preload but not used within a few seconds from the window's load event. Please make sure it has an appropriate `as` value and it is preloaded intentionally. @ https://www.amazon.es/dp/B01IDLG6RS:0
[  964399ms] [WARNING] The resource https://m.media-amazon.com/images/I/119lYNyqoQL.js?AUIClients/ was preloaded using link preload but not used within a few seconds from the window's load event. Please make sure it has an appropriate `as` value and it is preloaded intentionally. @ https://www.amazon.es/dp/B01IDLG6RS:0
[  964399ms] [WARNING] The resource https://m.media-amazon.com/images/I/51ORE2brWDL.js?AUIClients/ was preloaded using link preload but not used within a few seconds from the window's load event. Please make sure it has an appropriate `as` value and it is preloaded intentionally. @ https://www.amazon.es/dp/B01IDLG6RS:0
[  964399ms] [WARNING] The resource https://m.media-amazon.com/images/I/3191ejuFnBL.js?AUIClients/ was preloaded using link preload but not used within a few seconds from the window's load event. Please make sure it has an appropriate `as` value and it is preloaded intentionally. @ https://www.amazon.es/dp/B01IDLG6RS:0
[  964399ms] [WARNING] The resource https://m.media-amazon.com/images/I/51S-qOAsDtL.js?AUIClients/ was preloaded using link preload but not used within a few seconds from the window's load event. Please make sure it has an appropriate `as` value and it is preloaded intentionally. @ https://www.amazon.es/dp/B01IDLG6RS:0
[  964399ms] [WARNING] The resource https://m.media-amazon.com/images/S/sash/NaRkeLk0R2VxYa6.html#sfClientHtmlUrl was preloaded using link preload but not used within a few seconds from the window's load event. Please make sure it has an appropriate `as` value and it is preloaded intentionally. @ https://www.amazon.es/dp/B01IDLG6RS:0
[  964399ms] [WARNING] The resource https://m.media-amazon.com/images/I/31lqqqMDjxL.js?AUIClients/ was preloaded using link preload but not used within a few seconds from the window's load event. Please make sure it has an appropriate `as` value and it is preloaded intentionally. @ https://www.amazon.es/dp/B01IDLG6RS:0
[  964399ms] [WARNING] The resource https://m.media-amazon.com/images/I/61EhOl9i4dL.js?AUIClients/ was preloaded using link preload but not used within a few seconds from the window's load event. Please make sure it has an appropriate `as` value and it is preloaded intentionally. @ https://www.amazon.es/dp/B01IDLG6RS:0
[  994393ms] [WARNING] The resource https://m.media-amazon.com/images/I/61n4ZyS8spL._RC%7C81QrR5UkbfL.js,31jsB13JlVL.js_.js?AUIClients/ was preloaded using link preload but not used within a few seconds from the window's load event. Please make sure it has an appropriate `as` value and it is preloaded intentionally. @ https://www.amazon.es/dp/B01IDLG6RS:0
[  994393ms] [WARNING] The resource https://m.media-amazon.com/images/I/51V1l-Z7zqL.js?AUIClients/ was preloaded using link preload but not used within a few seconds from the window's load event. Please make sure it has an appropriate `as` value and it is preloaded intentionally. @ https://www.amazon.es/dp/B01IDLG6RS:0
[  994393ms] [WARNING] The resource https://m.media-amazon.com/images/S/sash/dQmtOjc96Ff0nJe.js#sfClientUrl was preloaded using link preload but not used within a few seconds from the window's load event. Please make sure it has an appropriate `as` value and it is preloaded intentionally. @ https://www.amazon.es/dp/B01IDLG6RS:0
[  994393ms] [WARNING] The resource https://m.media-amazon.com/images/I/119lYNyqoQL.js?AUIClients/ was preloaded using link preload but not used within a few seconds from the window's load event. Please make sure it has an appropriate `as` value and it is preloaded intentionally. @ https://www.amazon.es/dp/B01IDLG6RS:0
[  994393ms] [WARNING] The resource https://m.media-amazon.com/images/I/51ORE2brWDL.js?AUIClients/ was preloaded using link preload but not used within a few seconds from the window's load event. Please make sure it has an appropriate `as` value and it is preloaded intentionally. @ https://www.amazon.es/dp/B01IDLG6RS:0
[  994393ms] [WARNING] The resource https://m.media-amazon.com/images/I/3191ejuFnBL.js?AUIClients/ was preloaded using link preload but not used within a few seconds from the window's load event. Please make sure it has an appropriate `as` value and it is preloaded intentionally. @ https://www.amazon.es/dp/B01IDLG6RS:0
[  994394ms] [WARNING] The resource https://m.media-amazon.com/images/I/51S-qOAsDtL.js?AUIClients/ was preloaded using link preload but not used within a few seconds from the window's load event. Please make sure it has an appropriate `as` value and it is preloaded intentionally. @ https://www.amazon.es/dp/B01IDLG6RS:0
[  994394ms] [WARNING] The resource https://m.media-amazon.com/images/S/sash/NaRkeLk0R2VxYa6.html#sfClientHtmlUrl was preloaded using link preload but not used within a few seconds from the window's load event. Please make sure it has an appropriate `as` value and it is preloaded intentionally. @ https://www.amazon.es/dp/B01IDLG6RS:0
[  994394ms] [WARNING] The resource https://m.media-amazon.com/images/I/31lqqqMDjxL.js?AUIClients/ was preloaded using link preload but not used within a few seconds from the window's load event. Please make sure it has an appropriate `as` value and it is preloaded intentionally. @ https://www.amazon.es/dp/B01IDLG6RS:0
[  994394ms] [WARNING] The resource https://m.media-amazon.com/images/I/61EhOl9i4dL.js?AUIClients/ was preloaded using link preload but not used within a few seconds from the window's load event. Please make sure it has an appropriate `as` value and it is preloaded intentionally. @ https://www.amazon.es/dp/B01IDLG6RS:0
[ 1024382ms] [WARNING] The resource https://m.media-amazon.com/images/I/61n4ZyS8spL._RC%7C81QrR5UkbfL.js,31jsB13JlVL.js_.js?AUIClients/ was preloaded using link preload but not used within a few seconds from the window's load event. Please make sure it has an appropriate `as` value and it is preloaded intentionally. @ https://www.amazon.es/dp/B01IDLG6RS:0
[ 1024383ms] [WARNING] The resource https://m.media-amazon.com/images/I/51V1l-Z7zqL.js?AUIClients/ was preloaded using link preload but not used within a few seconds from the window's load event. Please make sure it has an appropriate `as` value and it is preloaded intentionally. @ https://www.amazon.es/dp/B01IDLG6RS:0
[ 1024383ms] [WARNING] The resource https://m.media-amazon.com/images/S/sash/dQmtOjc96Ff0nJe.js#sfClientUrl was preloaded using link preload but not used within a few seconds from the window's load event. Please make sure it has an appropriate `as` value and it is preloaded intentionally. @ https://www.amazon.es/dp/B01IDLG6RS:0
[ 1024383ms] [WARNING] The resource https://m.media-amazon.com/images/I/119lYNyqoQL.js?AUIClients/ was preloaded using link preload but not used within a few seconds from the window's load event. Please make sure it has an appropriate `as` value and it is preloaded intentionally. @ https://www.amazon.es/dp/B01IDLG6RS:0
[ 1024383ms] [WARNING] The resource https://m.media-amazon.com/images/I/51ORE2brWDL.js?AUIClients/ was preloaded using link preload but not used within a few seconds from the window's load event. Please make sure it has an appropriate `as` value and it is preloaded intentionally. @ https://www.amazon.es/dp/B01IDLG6RS:0
[ 1024383ms] [WARNING] The resource https://m.media-amazon.com/images/I/3191ejuFnBL.js?AUIClients/ was preloaded using link preload but not used within a few seconds from the window's load event. Please make sure it has an appropriate `as` value and it is preloaded intentionally. @ https://www.amazon.es/dp/B01IDLG6RS:0
[ 1024383ms] [WARNING] The resource https://m.media-amazon.com/images/I/51S-qOAsDtL.js?AUIClients/ was preloaded using link preload but not used within a few seconds from the window's load event. Please make sure it has an appropriate `as` value and it is preloaded intentionally. @ https://www.amazon.es/dp/B01IDLG6RS:0
[ 1024383ms] [WARNING] The resource https://m.media-amazon.com/images/S/sash/NaRkeLk0R2VxYa6.html#sfClientHtmlUrl was preloaded using link preload but not used within a few seconds from the window's load event. Please make sure it has an appropriate `as` value and it is preloaded intentionally. @ https://www.amazon.es/dp/B01IDLG6RS:0
[ 1024383ms] [WARNING] The resource https://m.media-amazon.com/images/I/31lqqqMDjxL.js?AUIClients/ was preloaded using link preload but not used within a few seconds from the window's load event. Please make sure it has an appropriate `as` value and it is preloaded intentionally. @ https://www.amazon.es/dp/B01IDLG6RS:0
[ 1024383ms] [WARNING] The resource https://m.media-amazon.com/images/I/61EhOl9i4dL.js?AUIClients/ was preloaded using link preload but not used within a few seconds from the window's load event. Please make sure it has an appropriate `as` value and it is preloaded intentionally. @ https://www.amazon.es/dp/B01IDLG6RS:0
[ 1054397ms] [WARNING] The resource https://m.media-amazon.com/images/I/61n4ZyS8spL._RC%7C81QrR5UkbfL.js,31jsB13JlVL.js_.js?AUIClients/ was preloaded using link preload but not used within a few seconds from the window's load event. Please make sure it has an appropriate `as` value and it is preloaded intentionally. @ https://www.amazon.es/dp/B01IDLG6RS:0
[ 1054397ms] [WARNING] The resource https://m.media-amazon.com/images/I/51V1l-Z7zqL.js?AUIClients/ was preloaded using link preload but not used within a few seconds from the window's load event. Please make sure it has an appropriate `as` value and it is preloaded intentionally. @ https://www.amazon.es/dp/B01IDLG6RS:0
[ 1054397ms] [WARNING] The resource https://m.media-amazon.com/images/S/sash/dQmtOjc96Ff0nJe.js#sfClientUrl was preloaded using link preload but not used within a few seconds from the window's load event. Please make sure it has an appropriate `as` value and it is preloaded intentionally. @ https://www.amazon.es/dp/B01IDLG6RS:0
[ 1054397ms] [WARNING] The resource https://m.media-amazon.com/images/I/119lYNyqoQL.js?AUIClients/ was preloaded using link preload but not used within a few seconds from the window's load event. Please make sure it has an appropriate `as` value and it is preloaded intentionally. @ https://www.amazon.es/dp/B01IDLG6RS:0
[ 1054397ms] [WARNING] The resource https://m.media-amazon.com/images/I/51ORE2brWDL.js?AUIClients/ was preloaded using link preload but not used within a few seconds from the window's load event. Please make sure it has an appropriate `as` value and it is preloaded intentionally. @ https://www.amazon.es/dp/B01IDLG6RS:0
[ 1054397ms] [WARNING] The resource https://m.media-amazon.com/images/I/3191ejuFnBL.js?AUIClients/ was preloaded using link preload but not used within a few seconds from the window's load event. Please make sure it has an appropriate `as` value and it is preloaded intentionally. @ https://www.amazon.es/dp/B01IDLG6RS:0
[ 1054397ms] [WARNING] The resource https://m.media-amazon.com/images/I/51S-qOAsDtL.js?AUIClients/ was preloaded using link preload but not used within a few seconds from the window's load event. Please make sure it has an appropriate `as` value and it is preloaded intentionally. @ https://www.amazon.es/dp/B01IDLG6RS:0
[ 1054397ms] [WARNING] The resource https://m.media-amazon.com/images/S/sash/NaRkeLk0R2VxYa6.html#sfClientHtmlUrl was preloaded using link preload but not used within a few seconds from the window's load event. Please make sure it has an appropriate `as` value and it is preloaded intentionally. @ https://www.amazon.es/dp/B01IDLG6RS:0
[ 1054397ms] [WARNING] The resource https://m.media-amazon.com/images/I/31lqqqMDjxL.js?AUIClients/ was preloaded using link preload but not used within a few seconds from the window's load event. Please make sure it has an appropriate `as` value and it is preloaded intentionally. @ https://www.amazon.es/dp/B01IDLG6RS:0
[ 1054397ms] [WARNING] The resource https://m.media-amazon.com/images/I/61EhOl9i4dL.js?AUIClients/ was preloaded using link preload but not used within a few seconds from the window's load event. Please make sure it has an appropriate `as` value and it is preloaded intentionally. @ https://www.amazon.es/dp/B01IDLG6RS:0
[ 1084395ms] [WARNING] The resource https://m.media-amazon.com/images/I/61n4ZyS8spL._RC%7C81QrR5UkbfL.js,31jsB13JlVL.js_.js?AUIClients/ was preloaded using link preload but not used within a few seconds from the window's load event. Please make sure it has an appropriate `as` value and it is preloaded intentionally. @ https://www.amazon.es/dp/B01IDLG6RS:0
[ 1084395ms] [WARNING] The resource https://m.media-amazon.com/images/I/51V1l-Z7zqL.js?AUIClients/ was preloaded using link preload but not used within a few seconds from the window's load event. Please make sure it has an appropriate `as` value and it is preloaded intentionally. @ https://www.amazon.es/dp/B01IDLG6RS:0
[ 1084395ms] [WARNING] The resource https://m.media-amazon.com/images/S/sash/dQmtOjc96Ff0nJe.js#sfClientUrl was preloaded using link preload but not used within a few seconds from the window's load event. Please make sure it has an appropriate `as` value and it is preloaded intentionally. @ https://www.amazon.es/dp/B01IDLG6RS:0
[ 1084395ms] [WARNING] The resource https://m.media-amazon.com/images/I/119lYNyqoQL.js?AUIClients/ was preloaded using link preload but not used within a few seconds from the window's load event. Please make sure it has an appropriate `as` value and it is preloaded intentionally. @ https://www.amazon.es/dp/B01IDLG6RS:0
[ 1084395ms] [WARNING] The resource https://m.media-amazon.com/images/I/51ORE2brWDL.js?AUIClients/ was preloaded using link preload but not used within a few seconds from the window's load event. Please make sure it has an appropriate `as` value and it is preloaded intentionally. @ https://www.amazon.es/dp/B01IDLG6RS:0
[ 1084395ms] [WARNING] The resource https://m.media-amazon.com/images/I/3191ejuFnBL.js?AUIClients/ was preloaded using link preload but not used within a few seconds from the window's load event. Please make sure it has an appropriate `as` value and it is preloaded intentionally. @ https://www.amazon.es/dp/B01IDLG6RS:0
[ 1084395ms] [WARNING] The resource https://m.media-amazon.com/images/I/51S-qOAsDtL.js?AUIClients/ was preloaded using link preload but not used within a few seconds from the window's load event. Please make sure it has an appropriate `as` value and it is preloaded intentionally. @ https://www.amazon.es/dp/B01IDLG6RS:0
[ 1084395ms] [WARNING] The resource https://m.media-amazon.com/images/S/sash/NaRkeLk0R2VxYa6.html#sfClientHtmlUrl was preloaded using link preload but not used within a few seconds from the window's load event. Please make sure it has an appropriate `as` value and it is preloaded intentionally. @ https://www.amazon.es/dp/B01IDLG6RS:0
[ 1084395ms] [WARNING] The resource https://m.media-amazon.com/images/I/31lqqqMDjxL.js?AUIClients/ was preloaded using link preload but not used within a few seconds from the window's load event. Please make sure it has an appropriate `as` value and it is preloaded intentionally. @ https://www.amazon.es/dp/B01IDLG6RS:0
[ 1084395ms] [WARNING] The resource https://m.media-amazon.com/images/I/61EhOl9i4dL.js?AUIClients/ was preloaded using link preload but not used within a few seconds from the window's load event. Please make sure it has an appropriate `as` value and it is preloaded intentionally. @ https://www.amazon.es/dp/B01IDLG6RS:0
[ 1114386ms] [WARNING] The resource https://m.media-amazon.com/images/I/61n4ZyS8spL._RC%7C81QrR5UkbfL.js,31jsB13JlVL.js_.js?AUIClients/ was preloaded using link preload but not used within a few seconds from the window's load event. Please make sure it has an appropriate `as` value and it is preloaded intentionally. @ https://www.amazon.es/dp/B01IDLG6RS:0
[ 1114386ms] [WARNING] The resource https://m.media-amazon.com/images/I/51V1l-Z7zqL.js?AUIClients/ was preloaded using link preload but not used within a few seconds from the window's load event. Please make sure it has an appropriate `as` value and it is preloaded intentionally. @ https://www.amazon.es/dp/B01IDLG6RS:0
[ 1114386ms] [WARNING] The resource https://m.media-amazon.com/images/S/sash/dQmtOjc96Ff0nJe.js#sfClientUrl was preloaded using link preload but not used within a few seconds from the window's load event. Please make sure it has an appropriate `as` value and it is preloaded intentionally. @ https://www.amazon.es/dp/B01IDLG6RS:0
[ 1114386ms] [WARNING] The resource https://m.media-amazon.com/images/I/119lYNyqoQL.js?AUIClients/ was preloaded using link preload but not used within a few seconds from the window's load event. Please make sure it has an appropriate `as` value and it is preloaded intentionally. @ https://www.amazon.es/dp/B01IDLG6RS:0
[ 1114386ms] [WARNING] The resource https://m.media-amazon.com/images/I/51ORE2brWDL.js?AUIClients/ was preloaded using link preload but not used within a few seconds from the window's load event. Please make sure it has an appropriate `as` value and it is preloaded intentionally. @ https://www.amazon.es/dp/B01IDLG6RS:0
[ 1114386ms] [WARNING] The resource https://m.media-amazon.com/images/I/3191ejuFnBL.js?AUIClients/ was preloaded using link preload but not used within a few seconds from the window's load event. Please make sure it has an appropriate `as` value and it is preloaded intentionally. @ https://www.amazon.es/dp/B01IDLG6RS:0
[ 1114386ms] [WARNING] The resource https://m.media-amazon.com/images/I/51S-qOAsDtL.js?AUIClients/ was preloaded using link preload but not used within a few seconds from the window's load event. Please make sure it has an appropriate `as` value and it is preloaded intentionally. @ https://www.amazon.es/dp/B01IDLG6RS:0
[ 1114386ms] [WARNING] The resource https://m.media-amazon.com/images/S/sash/NaRkeLk0R2VxYa6.html#sfClientHtmlUrl was preloaded using link preload but not used within a few seconds from the window's load event. Please make sure it has an appropriate `as` value and it is preloaded intentionally. @ https://www.amazon.es/dp/B01IDLG6RS:0
[ 1114386ms] [WARNING] The resource https://m.media-amazon.com/images/I/31lqqqMDjxL.js?AUIClients/ was preloaded using link preload but not used within a few seconds from the window's load event. Please make sure it has an appropriate `as` value and it is preloaded intentionally. @ https://www.amazon.es/dp/B01IDLG6RS:0
[ 1114386ms] [WARNING] The resource https://m.media-amazon.com/images/I/61EhOl9i4dL.js?AUIClients/ was preloaded using link preload but not used within a few seconds from the window's load event. Please make sure it has an appropriate `as` value and it is preloaded intentionally. @ https://www.amazon.es/dp/B01IDLG6RS:0
[ 1144383ms] [WARNING] The resource https://m.media-amazon.com/images/I/61n4ZyS8spL._RC%7C81QrR5UkbfL.js,31jsB13JlVL.js_.js?AUIClients/ was preloaded using link preload but not used within a few seconds from the window's load event. Please make sure it has an appropriate `as` value and it is preloaded intentionally. @ https://www.amazon.es/dp/B01IDLG6RS:0
[ 1144383ms] [WARNING] The resource https://m.media-amazon.com/images/I/51V1l-Z7zqL.js?AUIClients/ was preloaded using link preload but not used within a few seconds from the window's load event. Please make sure it has an appropriate `as` value and it is preloaded intentionally. @ https://www.amazon.es/dp/B01IDLG6RS:0
[ 1144383ms] [WARNING] The resource https://m.media-amazon.com/images/S/sash/dQmtOjc96Ff0nJe.js#sfClientUrl was preloaded using link preload but not used within a few seconds from the window's load event. Please make sure it has an appropriate `as` value and it is preloaded intentionally. @ https://www.amazon.es/dp/B01IDLG6RS:0
[ 1144383ms] [WARNING] The resource https://m.media-amazon.com/images/I/119lYNyqoQL.js?AUIClients/ was preloaded using link preload but not used within a few seconds from the window's load event. Please make sure it has an appropriate `as` value and it is preloaded intentionally. @ https://www.amazon.es/dp/B01IDLG6RS:0
[ 1144383ms] [WARNING] The resource https://m.media-amazon.com/images/I/51ORE2brWDL.js?AUIClients/ was preloaded using link preload but not used within a few seconds from the window's load event. Please make sure it has an appropriate `as` value and it is preloaded intentionally. @ https://www.amazon.es/dp/B01IDLG6RS:0
[ 1144383ms] [WARNING] The resource https://m.media-amazon.com/images/I/3191ejuFnBL.js?AUIClients/ was preloaded using link preload but not used within a few seconds from the window's load event. Please make sure it has an appropriate `as` value and it is preloaded intentionally. @ https://www.amazon.es/dp/B01IDLG6RS:0
[ 1144383ms] [WARNING] The resource https://m.media-amazon.com/images/I/51S-qOAsDtL.js?AUIClients/ was preloaded using link preload but not used within a few seconds from the window's load event. Please make sure it has an appropriate `as` value and it is preloaded intentionally. @ https://www.amazon.es/dp/B01IDLG6RS:0
[ 1144383ms] [WARNING] The resource https://m.media-amazon.com/images/S/sash/NaRkeLk0R2VxYa6.html#sfClientHtmlUrl was preloaded using link preload but not used within a few seconds from the window's load event. Please make sure it has an appropriate `as` value and it is preloaded intentionally. @ https://www.amazon.es/dp/B01IDLG6RS:0
[ 1144383ms] [WARNING] The resource https://m.media-amazon.com/images/I/31lqqqMDjxL.js?AUIClients/ was preloaded using link preload but not used within a few seconds from the window's load event. Please make sure it has an appropriate `as` value and it is preloaded intentionally. @ https://www.amazon.es/dp/B01IDLG6RS:0
[ 1144383ms] [WARNING] The resource https://m.media-amazon.com/images/I/61EhOl9i4dL.js?AUIClients/ was preloaded using link preload but not used within a few seconds from the window's load event. Please make sure it has an appropriate `as` value and it is preloaded intentionally. @ https://www.amazon.es/dp/B01IDLG6RS:0
[ 1174394ms] [WARNING] The resource https://m.media-amazon.com/images/I/61n4ZyS8spL._RC%7C81QrR5UkbfL.js,31jsB13JlVL.js_.js?AUIClients/ was preloaded using link preload but not used within a few seconds from the window's load event. Please make sure it has an appropriate `as` value and it is preloaded intentionally. @ https://www.amazon.es/dp/B01IDLG6RS:0
[ 1174394ms] [WARNING] The resource https://m.media-amazon.com/images/I/51V1l-Z7zqL.js?AUIClients/ was preloaded using link preload but not used within a few seconds from the window's load event. Please make sure it has an appropriate `as` value and it is preloaded intentionally. @ https://www.amazon.es/dp/B01IDLG6RS:0
[ 1174394ms] [WARNING] The resource https://m.media-amazon.com/images/S/sash/dQmtOjc96Ff0nJe.js#sfClientUrl was preloaded using link preload but not used within a few seconds from the window's load event. Please make sure it has an appropriate `as` value and it is preloaded intentionally. @ https://www.amazon.es/dp/B01IDLG6RS:0
[ 1174394ms] [WARNING] The resource https://m.media-amazon.com/images/I/119lYNyqoQL.js?AUIClients/ was preloaded using link preload but not used within a few seconds from the window's load event. Please make sure it has an appropriate `as` value and it is preloaded intentionally. @ https://www.amazon.es/dp/B01IDLG6RS:0
[ 1174394ms] [WARNING] The resource https://m.media-amazon.com/images/I/51ORE2brWDL.js?AUIClients/ was preloaded using link preload but not used within a few seconds from the window's load event. Please make sure it has an appropriate `as` value and it is preloaded intentionally. @ https://www.amazon.es/dp/B01IDLG6RS:0
[ 1174394ms] [WARNING] The resource https://m.media-amazon.com/images/I/3191ejuFnBL.js?AUIClients/ was preloaded using link preload but not used within a few seconds from the window's load event. Please make sure it has an appropriate `as` value and it is preloaded intentionally. @ https://www.amazon.es/dp/B01IDLG6RS:0
[ 1174394ms] [WARNING] The resource https://m.media-amazon.com/images/I/51S-qOAsDtL.js?AUIClients/ was preloaded using link preload but not used within a few seconds from the window's load event. Please make sure it has an appropriate `as` value and it is preloaded intentionally. @ https://www.amazon.es/dp/B01IDLG6RS:0
[ 1174395ms] [WARNING] The resource https://m.media-amazon.com/images/S/sash/NaRkeLk0R2VxYa6.html#sfClientHtmlUrl was preloaded using link preload but not used within a few seconds from the window's load event. Please make sure it has an appropriate `as` value and it is preloaded intentionally. @ https://www.amazon.es/dp/B01IDLG6RS:0
[ 1174395ms] [WARNING] The resource https://m.media-amazon.com/images/I/31lqqqMDjxL.js?AUIClients/ was preloaded using link preload but not used within a few seconds from the window's load event. Please make sure it has an appropriate `as` value and it is preloaded intentionally. @ https://www.amazon.es/dp/B01IDLG6RS:0
[ 1174395ms] [WARNING] The resource https://m.media-amazon.com/images/I/61EhOl9i4dL.js?AUIClients/ was preloaded using link preload but not used within a few seconds from the window's load event. Please make sure it has an appropriate `as` value and it is preloaded intentionally. @ https://www.amazon.es/dp/B01IDLG6RS:0
[ 1204397ms] [WARNING] The resource https://m.media-amazon.com/images/I/61n4ZyS8spL._RC%7C81QrR5UkbfL.js,31jsB13JlVL.js_.js?AUIClients/ was preloaded using link preload but not used within a few seconds from the window's load event. Please make sure it has an appropriate `as` value and it is preloaded intentionally. @ https://www.amazon.es/dp/B01IDLG6RS:0
[ 1204397ms] [WARNING] The resource https://m.media-amazon.com/images/I/51V1l-Z7zqL.js?AUIClients/ was preloaded using link preload but not used within a few seconds from the window's load event. Please make sure it has an appropriate `as` value and it is preloaded intentionally. @ https://www.amazon.es/dp/B01IDLG6RS:0
[ 1204397ms] [WARNING] The resource https://m.media-amazon.com/images/S/sash/dQmtOjc96Ff0nJe.js#sfClientUrl was preloaded using link preload but not used within a few seconds from the window's load event. Please make sure it has an appropriate `as` value and it is preloaded intentionally. @ https://www.amazon.es/dp/B01IDLG6RS:0
[ 1204397ms] [WARNING] The resource https://m.media-amazon.com/images/I/119lYNyqoQL.js?AUIClients/ was preloaded using link preload but not used within a few seconds from the window's load event. Please make sure it has an appropriate `as` value and it is preloaded intentionally. @ https://www.amazon.es/dp/B01IDLG6RS:0
[ 1204397ms] [WARNING] The resource https://m.media-amazon.com/images/I/51ORE2brWDL.js?AUIClients/ was preloaded using link preload but not used within a few seconds from the window's load event. Please make sure it has an appropriate `as` value and it is preloaded intentionally. @ https://www.amazon.es/dp/B01IDLG6RS:0
[ 1204397ms] [WARNING] The resource https://m.media-amazon.com/images/I/3191ejuFnBL.js?AUIClients/ was preloaded using link preload but not used within a few seconds from the window's load event. Please make sure it has an appropriate `as` value and it is preloaded intentionally. @ https://www.amazon.es/dp/B01IDLG6RS:0
[ 1204397ms] [WARNING] The resource https://m.media-amazon.com/images/I/51S-qOAsDtL.js?AUIClients/ was preloaded using link preload but not used within a few seconds from the window's load event. Please make sure it has an appropriate `as` value and it is preloaded intentionally. @ https://www.amazon.es/dp/B01IDLG6RS:0
[ 1204397ms] [WARNING] The resource https://m.media-amazon.com/images/S/sash/NaRkeLk0R2VxYa6.html#sfClientHtmlUrl was preloaded using link preload but not used within a few seconds from the window's load event. Please make sure it has an appropriate `as` value and it is preloaded intentionally. @ https://www.amazon.es/dp/B01IDLG6RS:0
[ 1204397ms] [WARNING] The resource https://m.media-amazon.com/images/I/31lqqqMDjxL.js?AUIClients/ was preloaded using link preload but not used within a few seconds from the window's load event. Please make sure it has an appropriate `as` value and it is preloaded intentionally. @ https://www.amazon.es/dp/B01IDLG6RS:0
[ 1204397ms] [WARNING] The resource https://m.media-amazon.com/images/I/61EhOl9i4dL.js?AUIClients/ was preloaded using link preload but not used within a few seconds from the window's load event. Please make sure it has an appropriate `as` value and it is preloaded intentionally. @ https://www.amazon.es/dp/B01IDLG6RS:0
[ 1234382ms] [WARNING] The resource https://m.media-amazon.com/images/I/61n4ZyS8spL._RC%7C81QrR5UkbfL.js,31jsB13JlVL.js_.js?AUIClients/ was preloaded using link preload but not used within a few seconds from the window's load event. Please make sure it has an appropriate `as` value and it is preloaded intentionally. @ https://www.amazon.es/dp/B01IDLG6RS:0
[ 1234382ms] [WARNING] The resource https://m.media-amazon.com/images/I/51V1l-Z7zqL.js?AUIClients/ was preloaded using link preload but not used within a few seconds from the window's load event. Please make sure it has an appropriate `as` value and it is preloaded intentionally. @ https://www.amazon.es/dp/B01IDLG6RS:0
[ 1234382ms] [WARNING] The resource https://m.media-amazon.com/images/S/sash/dQmtOjc96Ff0nJe.js#sfClientUrl was preloaded using link preload but not used within a few seconds from the window's load event. Please make sure it has an appropriate `as` value and it is preloaded intentionally. @ https://www.amazon.es/dp/B01IDLG6RS:0
[ 1234382ms] [WARNING] The resource https://m.media-amazon.com/images/I/119lYNyqoQL.js?AUIClients/ was preloaded using link preload but not used within a few seconds from the window's load event. Please make sure it has an appropriate `as` value and it is preloaded intentionally. @ https://www.amazon.es/dp/B01IDLG6RS:0
[ 1234382ms] [WARNING] The resource https://m.media-amazon.com/images/I/51ORE2brWDL.js?AUIClients/ was preloaded using link preload but not used within a few seconds from the window's load event. Please make sure it has an appropriate `as` value and it is preloaded intentionally. @ https://www.amazon.es/dp/B01IDLG6RS:0
[ 1234382ms] [WARNING] The resource https://m.media-amazon.com/images/I/3191ejuFnBL.js?AUIClients/ was preloaded using link preload but not used within a few seconds from the window's load event. Please make sure it has an appropriate `as` value and it is preloaded intentionally. @ https://www.amazon.es/dp/B01IDLG6RS:0
[ 1234382ms] [WARNING] The resource https://m.media-amazon.com/images/I/51S-qOAsDtL.js?AUIClients/ was preloaded using link preload but not used within a few seconds from the window's load event. Please make sure it has an appropriate `as` value and it is preloaded intentionally. @ https://www.amazon.es/dp/B01IDLG6RS:0
[ 1234382ms] [WARNING] The resource https://m.media-amazon.com/images/S/sash/NaRkeLk0R2VxYa6.html#sfClientHtmlUrl was preloaded using link preload but not used within a few seconds from the window's load event. Please make sure it has an appropriate `as` value and it is preloaded intentionally. @ https://www.amazon.es/dp/B01IDLG6RS:0
[ 1234382ms] [WARNING] The resource https://m.media-amazon.com/images/I/31lqqqMDjxL.js?AUIClients/ was preloaded using link preload but not used within a few seconds from the window's load event. Please make sure it has an appropriate `as` value and it is preloaded intentionally. @ https://www.amazon.es/dp/B01IDLG6RS:0
[ 1234382ms] [WARNING] The resource https://m.media-amazon.com/images/I/61EhOl9i4dL.js?AUIClients/ was preloaded using link preload but not used within a few seconds from the window's load event. Please make sure it has an appropriate `as` value and it is preloaded intentionally. @ https://www.amazon.es/dp/B01IDLG6RS:0
[ 1264393ms] [WARNING] The resource https://m.media-amazon.com/images/I/61n4ZyS8spL._RC%7C81QrR5UkbfL.js,31jsB13JlVL.js_.js?AUIClients/ was preloaded using link preload but not used within a few seconds from the window's load event. Please make sure it has an appropriate `as` value and it is preloaded intentionally. @ https://www.amazon.es/dp/B01IDLG6RS:0
[ 1264394ms] [WARNING] The resource https://m.media-amazon.com/images/I/51V1l-Z7zqL.js?AUIClients/ was preloaded using link preload but not used within a few seconds from the window's load event. Please make sure it has an appropriate `as` value and it is preloaded intentionally. @ https://www.amazon.es/dp/B01IDLG6RS:0
[ 1264394ms] [WARNING] The resource https://m.media-amazon.com/images/S/sash/dQmtOjc96Ff0nJe.js#sfClientUrl was preloaded using link preload but not used within a few seconds from the window's load event. Please make sure it has an appropriate `as` value and it is preloaded intentionally. @ https://www.amazon.es/dp/B01IDLG6RS:0
[ 1264394ms] [WARNING] The resource https://m.media-amazon.com/images/I/119lYNyqoQL.js?AUIClients/ was preloaded using link preload but not used within a few seconds from the window's load event. Please make sure it has an appropriate `as` value and it is preloaded intentionally. @ https://www.amazon.es/dp/B01IDLG6RS:0
[ 1264394ms] [WARNING] The resource https://m.media-amazon.com/images/I/51ORE2brWDL.js?AUIClients/ was preloaded using link preload but not used within a few seconds from the window's load event. Please make sure it has an appropriate `as` value and it is preloaded intentionally. @ https://www.amazon.es/dp/B01IDLG6RS:0
[ 1264394ms] [WARNING] The resource https://m.media-amazon.com/images/I/3191ejuFnBL.js?AUIClients/ was preloaded using link preload but not used within a few seconds from the window's load event. Please make sure it has an appropriate `as` value and it is preloaded intentionally. @ https://www.amazon.es/dp/B01IDLG6RS:0
[ 1264394ms] [WARNING] The resource https://m.media-amazon.com/images/I/51S-qOAsDtL.js?AUIClients/ was preloaded using link preload but not used within a few seconds from the window's load event. Please make sure it has an appropriate `as` value and it is preloaded intentionally. @ https://www.amazon.es/dp/B01IDLG6RS:0
[ 1264394ms] [WARNING] The resource https://m.media-amazon.com/images/S/sash/NaRkeLk0R2VxYa6.html#sfClientHtmlUrl was preloaded using link preload but not used within a few seconds from the window's load event. Please make sure it has an appropriate `as` value and it is preloaded intentionally. @ https://www.amazon.es/dp/B01IDLG6RS:0
[ 1264394ms] [WARNING] The resource https://m.media-amazon.com/images/I/31lqqqMDjxL.js?AUIClients/ was preloaded using link preload but not used within a few seconds from the window's load event. Please make sure it has an appropriate `as` value and it is preloaded intentionally. @ https://www.amazon.es/dp/B01IDLG6RS:0
[ 1264394ms] [WARNING] The resource https://m.media-amazon.com/images/I/61EhOl9i4dL.js?AUIClients/ was preloaded using link preload but not used within a few seconds from the window's load event. Please make sure it has an appropriate `as` value and it is preloaded intentionally. @ https://www.amazon.es/dp/B01IDLG6RS:0
[ 1294389ms] [WARNING] The resource https://m.media-amazon.com/images/I/61n4ZyS8spL._RC%7C81QrR5UkbfL.js,31jsB13JlVL.js_.js?AUIClients/ was preloaded using link preload but not used within a few seconds from the window's load event. Please make sure it has an appropriate `as` value and it is preloaded intentionally. @ https://www.amazon.es/dp/B01IDLG6RS:0
[ 1294389ms] [WARNING] The resource https://m.media-amazon.com/images/I/51V1l-Z7zqL.js?AUIClients/ was preloaded using link preload but not used within a few seconds from the window's load event. Please make sure it has an appropriate `as` value and it is preloaded intentionally. @ https://www.amazon.es/dp/B01IDLG6RS:0
[ 1294389ms] [WARNING] The resource https://m.media-amazon.com/images/S/sash/dQmtOjc96Ff0nJe.js#sfClientUrl was preloaded using link preload but not used within a few seconds from the window's load event. Please make sure it has an appropriate `as` value and it is preloaded intentionally. @ https://www.amazon.es/dp/B01IDLG6RS:0
[ 1294389ms] [WARNING] The resource https://m.media-amazon.com/images/I/119lYNyqoQL.js?AUIClients/ was preloaded using link preload but not used within a few seconds from the window's load event. Please make sure it has an appropriate `as` value and it is preloaded intentionally. @ https://www.amazon.es/dp/B01IDLG6RS:0
[ 1294389ms] [WARNING] The resource https://m.media-amazon.com/images/I/51ORE2brWDL.js?AUIClients/ was preloaded using link preload but not used within a few seconds from the window's load event. Please make sure it has an appropriate `as` value and it is preloaded intentionally. @ https://www.amazon.es/dp/B01IDLG6RS:0
[ 1294389ms] [WARNING] The resource https://m.media-amazon.com/images/I/3191ejuFnBL.js?AUIClients/ was preloaded using link preload but not used within a few seconds from the window's load event. Please make sure it has an appropriate `as` value and it is preloaded intentionally. @ https://www.amazon.es/dp/B01IDLG6RS:0
[ 1294389ms] [WARNING] The resource https://m.media-amazon.com/images/I/51S-qOAsDtL.js?AUIClients/ was preloaded using link preload but not used within a few seconds from the window's load event. Please make sure it has an appropriate `as` value and it is preloaded intentionally. @ https://www.amazon.es/dp/B01IDLG6RS:0
[ 1294389ms] [WARNING] The resource https://m.media-amazon.com/images/S/sash/NaRkeLk0R2VxYa6.html#sfClientHtmlUrl was preloaded using link preload but not used within a few seconds from the window's load event. Please make sure it has an appropriate `as` value and it is preloaded intentionally. @ https://www.amazon.es/dp/B01IDLG6RS:0
[ 1294389ms] [WARNING] The resource https://m.media-amazon.com/images/I/31lqqqMDjxL.js?AUIClients/ was preloaded using link preload but not used within a few seconds from the window's load event. Please make sure it has an appropriate `as` value and it is preloaded intentionally. @ https://www.amazon.es/dp/B01IDLG6RS:0
[ 1294389ms] [WARNING] The resource https://m.media-amazon.com/images/I/61EhOl9i4dL.js?AUIClients/ was preloaded using link preload but not used within a few seconds from the window's load event. Please make sure it has an appropriate `as` value and it is preloaded intentionally. @ https://www.amazon.es/dp/B01IDLG6RS:0
[ 1324396ms] [WARNING] The resource https://m.media-amazon.com/images/I/61n4ZyS8spL._RC%7C81QrR5UkbfL.js,31jsB13JlVL.js_.js?AUIClients/ was preloaded using link preload but not used within a few seconds from the window's load event. Please make sure it has an appropriate `as` value and it is preloaded intentionally. @ https://www.amazon.es/dp/B01IDLG6RS:0
[ 1324396ms] [WARNING] The resource https://m.media-amazon.com/images/I/51V1l-Z7zqL.js?AUIClients/ was preloaded using link preload but not used within a few seconds from the window's load event. Please make sure it has an appropriate `as` value and it is preloaded intentionally. @ https://www.amazon.es/dp/B01IDLG6RS:0
[ 1324396ms] [WARNING] The resource https://m.media-amazon.com/images/S/sash/dQmtOjc96Ff0nJe.js#sfClientUrl was preloaded using link preload but not used within a few seconds from the window's load event. Please make sure it has an appropriate `as` value and it is preloaded intentionally. @ https://www.amazon.es/dp/B01IDLG6RS:0
[ 1324396ms] [WARNING] The resource https://m.media-amazon.com/images/I/119lYNyqoQL.js?AUIClients/ was preloaded using link preload but not used within a few seconds from the window's load event. Please make sure it has an appropriate `as` value and it is preloaded intentionally. @ https://www.amazon.es/dp/B01IDLG6RS:0
[ 1324396ms] [WARNING] The resource https://m.media-amazon.com/images/I/51ORE2brWDL.js?AUIClients/ was preloaded using link preload but not used within a few seconds from the window's load event. Please make sure it has an appropriate `as` value and it is preloaded intentionally. @ https://www.amazon.es/dp/B01IDLG6RS:0
[ 1324396ms] [WARNING] The resource https://m.media-amazon.com/images/I/3191ejuFnBL.js?AUIClients/ was preloaded using link preload but not used within a few seconds from the window's load event. Please make sure it has an appropriate `as` value and it is preloaded intentionally. @ https://www.amazon.es/dp/B01IDLG6RS:0
[ 1324397ms] [WARNING] The resource https://m.media-amazon.com/images/I/51S-qOAsDtL.js?AUIClients/ was preloaded using link preload but not used within a few seconds from the window's load event. Please make sure it has an appropriate `as` value and it is preloaded intentionally. @ https://www.amazon.es/dp/B01IDLG6RS:0
[ 1324397ms] [WARNING] The resource https://m.media-amazon.com/images/S/sash/NaRkeLk0R2VxYa6.html#sfClientHtmlUrl was preloaded using link preload but not used within a few seconds from the window's load event. Please make sure it has an appropriate `as` value and it is preloaded intentionally. @ https://www.amazon.es/dp/B01IDLG6RS:0
[ 1324397ms] [WARNING] The resource https://m.media-amazon.com/images/I/31lqqqMDjxL.js?AUIClients/ was preloaded using link preload but not used within a few seconds from the window's load event. Please make sure it has an appropriate `as` value and it is preloaded intentionally. @ https://www.amazon.es/dp/B01IDLG6RS:0
[ 1324397ms] [WARNING] The resource https://m.media-amazon.com/images/I/61EhOl9i4dL.js?AUIClients/ was preloaded using link preload but not used within a few seconds from the window's load event. Please make sure it has an appropriate `as` value and it is preloaded intentionally. @ https://www.amazon.es/dp/B01IDLG6RS:0
[ 1354384ms] [WARNING] The resource https://m.media-amazon.com/images/I/61n4ZyS8spL._RC%7C81QrR5UkbfL.js,31jsB13JlVL.js_.js?AUIClients/ was preloaded using link preload but not used within a few seconds from the window's load event. Please make sure it has an appropriate `as` value and it is preloaded intentionally. @ https://www.amazon.es/dp/B01IDLG6RS:0
[ 1354384ms] [WARNING] The resource https://m.media-amazon.com/images/I/51V1l-Z7zqL.js?AUIClients/ was preloaded using link preload but not used within a few seconds from the window's load event. Please make sure it has an appropriate `as` value and it is preloaded intentionally. @ https://www.amazon.es/dp/B01IDLG6RS:0
[ 1354384ms] [WARNING] The resource https://m.media-amazon.com/images/S/sash/dQmtOjc96Ff0nJe.js#sfClientUrl was preloaded using link preload but not used within a few seconds from the window's load event. Please make sure it has an appropriate `as` value and it is preloaded intentionally. @ https://www.amazon.es/dp/B01IDLG6RS:0
[ 1354384ms] [WARNING] The resource https://m.media-amazon.com/images/I/119lYNyqoQL.js?AUIClients/ was preloaded using link preload but not used within a few seconds from the window's load event. Please make sure it has an appropriate `as` value and it is preloaded intentionally. @ https://www.amazon.es/dp/B01IDLG6RS:0
[ 1354384ms] [WARNING] The resource https://m.media-amazon.com/images/I/51ORE2brWDL.js?AUIClients/ was preloaded using link preload but not used within a few seconds from the window's load event. Please make sure it has an appropriate `as` value and it is preloaded intentionally. @ https://www.amazon.es/dp/B01IDLG6RS:0
[ 1354384ms] [WARNING] The resource https://m.media-amazon.com/images/I/3191ejuFnBL.js?AUIClients/ was preloaded using link preload but not used within a few seconds from the window's load event. Please make sure it has an appropriate `as` value and it is preloaded intentionally. @ https://www.amazon.es/dp/B01IDLG6RS:0
[ 1354384ms] [WARNING] The resource https://m.media-amazon.com/images/I/51S-qOAsDtL.js?AUIClients/ was preloaded using link preload but not used within a few seconds from the window's load event. Please make sure it has an appropriate `as` value and it is preloaded intentionally. @ https://www.amazon.es/dp/B01IDLG6RS:0
[ 1354384ms] [WARNING] The resource https://m.media-amazon.com/images/S/sash/NaRkeLk0R2VxYa6.html#sfClientHtmlUrl was preloaded using link preload but not used within a few seconds from the window's load event. Please make sure it has an appropriate `as` value and it is preloaded intentionally. @ https://www.amazon.es/dp/B01IDLG6RS:0
[ 1354384ms] [WARNING] The resource https://m.media-amazon.com/images/I/31lqqqMDjxL.js?AUIClients/ was preloaded using link preload but not used within a few seconds from the window's load event. Please make sure it has an appropriate `as` value and it is preloaded intentionally. @ https://www.amazon.es/dp/B01IDLG6RS:0
[ 1354384ms] [WARNING] The resource https://m.media-amazon.com/images/I/61EhOl9i4dL.js?AUIClients/ was preloaded using link preload but not used within a few seconds from the window's load event. Please make sure it has an appropriate `as` value and it is preloaded intentionally. @ https://www.amazon.es/dp/B01IDLG6RS:0
[ 1384398ms] [WARNING] The resource https://m.media-amazon.com/images/I/61n4ZyS8spL._RC%7C81QrR5UkbfL.js,31jsB13JlVL.js_.js?AUIClients/ was preloaded using link preload but not used within a few seconds from the window's load event. Please make sure it has an appropriate `as` value and it is preloaded intentionally. @ https://www.amazon.es/dp/B01IDLG6RS:0
[ 1384398ms] [WARNING] The resource https://m.media-amazon.com/images/I/51V1l-Z7zqL.js?AUIClients/ was preloaded using link preload but not used within a few seconds from the window's load event. Please make sure it has an appropriate `as` value and it is preloaded intentionally. @ https://www.amazon.es/dp/B01IDLG6RS:0
[ 1384398ms] [WARNING] The resource https://m.media-amazon.com/images/S/sash/dQmtOjc96Ff0nJe.js#sfClientUrl was preloaded using link preload but not used within a few seconds from the window's load event. Please make sure it has an appropriate `as` value and it is preloaded intentionally. @ https://www.amazon.es/dp/B01IDLG6RS:0
[ 1384398ms] [WARNING] The resource https://m.media-amazon.com/images/I/119lYNyqoQL.js?AUIClients/ was preloaded using link preload but not used within a few seconds from the window's load event. Please make sure it has an appropriate `as` value and it is preloaded intentionally. @ https://www.amazon.es/dp/B01IDLG6RS:0
[ 1384398ms] [WARNING] The resource https://m.media-amazon.com/images/I/51ORE2brWDL.js?AUIClients/ was preloaded using link preload but not used within a few seconds from the window's load event. Please make sure it has an appropriate `as` value and it is preloaded intentionally. @ https://www.amazon.es/dp/B01IDLG6RS:0
[ 1384398ms] [WARNING] The resource https://m.media-amazon.com/images/I/3191ejuFnBL.js?AUIClients/ was preloaded using link preload but not used within a few seconds from the window's load event. Please make sure it has an appropriate `as` value and it is preloaded intentionally. @ https://www.amazon.es/dp/B01IDLG6RS:0
[ 1384398ms] [WARNING] The resource https://m.media-amazon.com/images/I/51S-qOAsDtL.js?AUIClients/ was preloaded using link preload but not used within a few seconds from the window's load event. Please make sure it has an appropriate `as` value and it is preloaded intentionally. @ https://www.amazon.es/dp/B01IDLG6RS:0
[ 1384398ms] [WARNING] The resource https://m.media-amazon.com/images/S/sash/NaRkeLk0R2VxYa6.html#sfClientHtmlUrl was preloaded using link preload but not used within a few seconds from the window's load event. Please make sure it has an appropriate `as` value and it is preloaded intentionally. @ https://www.amazon.es/dp/B01IDLG6RS:0
[ 1384398ms] [WARNING] The resource https://m.media-amazon.com/images/I/31lqqqMDjxL.js?AUIClients/ was preloaded using link preload but not used within a few seconds from the window's load event. Please make sure it has an appropriate `as` value and it is preloaded intentionally. @ https://www.amazon.es/dp/B01IDLG6RS:0
[ 1384398ms] [WARNING] The resource https://m.media-amazon.com/images/I/61EhOl9i4dL.js?AUIClients/ was preloaded using link preload but not used within a few seconds from the window's load event. Please make sure it has an appropriate `as` value and it is preloaded intentionally. @ https://www.amazon.es/dp/B01IDLG6RS:0
[ 1414409ms] [WARNING] The resource https://m.media-amazon.com/images/I/61n4ZyS8spL._RC%7C81QrR5UkbfL.js,31jsB13JlVL.js_.js?AUIClients/ was preloaded using link preload but not used within a few seconds from the window's load event. Please make sure it has an appropriate `as` value and it is preloaded intentionally. @ https://www.amazon.es/dp/B01IDLG6RS:0
[ 1414409ms] [WARNING] The resource https://m.media-amazon.com/images/I/51V1l-Z7zqL.js?AUIClients/ was preloaded using link preload but not used within a few seconds from the window's load event. Please make sure it has an appropriate `as` value and it is preloaded intentionally. @ https://www.amazon.es/dp/B01IDLG6RS:0
[ 1414409ms] [WARNING] The resource https://m.media-amazon.com/images/S/sash/dQmtOjc96Ff0nJe.js#sfClientUrl was preloaded using link preload but not used within a few seconds from the window's load event. Please make sure it has an appropriate `as` value and it is preloaded intentionally. @ https://www.amazon.es/dp/B01IDLG6RS:0
[ 1414409ms] [WARNING] The resource https://m.media-amazon.com/images/I/119lYNyqoQL.js?AUIClients/ was preloaded using link preload but not used within a few seconds from the window's load event. Please make sure it has an appropriate `as` value and it is preloaded intentionally. @ https://www.amazon.es/dp/B01IDLG6RS:0
[ 1414410ms] [WARNING] The resource https://m.media-amazon.com/images/I/51ORE2brWDL.js?AUIClients/ was preloaded using link preload but not used within a few seconds from the window's load event. Please make sure it has an appropriate `as` value and it is preloaded intentionally. @ https://www.amazon.es/dp/B01IDLG6RS:0
[ 1414410ms] [WARNING] The resource https://m.media-amazon.com/images/I/3191ejuFnBL.js?AUIClients/ was preloaded using link preload but not used within a few seconds from the window's load event. Please make sure it has an appropriate `as` value and it is preloaded intentionally. @ https://www.amazon.es/dp/B01IDLG6RS:0
[ 1414410ms] [WARNING] The resource https://m.media-amazon.com/images/I/51S-qOAsDtL.js?AUIClients/ was preloaded using link preload but not used within a few seconds from the window's load event. Please make sure it has an appropriate `as` value and it is preloaded intentionally. @ https://www.amazon.es/dp/B01IDLG6RS:0
[ 1414410ms] [WARNING] The resource https://m.media-amazon.com/images/S/sash/NaRkeLk0R2VxYa6.html#sfClientHtmlUrl was preloaded using link preload but not used within a few seconds from the window's load event. Please make sure it has an appropriate `as` value and it is preloaded intentionally. @ https://www.amazon.es/dp/B01IDLG6RS:0
[ 1414410ms] [WARNING] The resource https://m.media-amazon.com/images/I/31lqqqMDjxL.js?AUIClients/ was preloaded using link preload but not used within a few seconds from the window's load event. Please make sure it has an appropriate `as` value and it is preloaded intentionally. @ https://www.amazon.es/dp/B01IDLG6RS:0
[ 1414410ms] [WARNING] The resource https://m.media-amazon.com/images/I/61EhOl9i4dL.js?AUIClients/ was preloaded using link preload but not used within a few seconds from the window's load event. Please make sure it has an appropriate `as` value and it is preloaded intentionally. @ https://www.amazon.es/dp/B01IDLG6RS:0
[ 1444387ms] [WARNING] The resource https://m.media-amazon.com/images/I/61n4ZyS8spL._RC%7C81QrR5UkbfL.js,31jsB13JlVL.js_.js?AUIClients/ was preloaded using link preload but not used within a few seconds from the window's load event. Please make sure it has an appropriate `as` value and it is preloaded intentionally. @ https://www.amazon.es/dp/B01IDLG6RS:0
[ 1444387ms] [WARNING] The resource https://m.media-amazon.com/images/I/51V1l-Z7zqL.js?AUIClients/ was preloaded using link preload but not used within a few seconds from the window's load event. Please make sure it has an appropriate `as` value and it is preloaded intentionally. @ https://www.amazon.es/dp/B01IDLG6RS:0
[ 1444387ms] [WARNING] The resource https://m.media-amazon.com/images/S/sash/dQmtOjc96Ff0nJe.js#sfClientUrl was preloaded using link preload but not used within a few seconds from the window's load event. Please make sure it has an appropriate `as` value and it is preloaded intentionally. @ https://www.amazon.es/dp/B01IDLG6RS:0
[ 1444387ms] [WARNING] The resource https://m.media-amazon.com/images/I/119lYNyqoQL.js?AUIClients/ was preloaded using link preload but not used within a few seconds from the window's load event. Please make sure it has an appropriate `as` value and it is preloaded intentionally. @ https://www.amazon.es/dp/B01IDLG6RS:0
[ 1444388ms] [WARNING] The resource https://m.media-amazon.com/images/I/51ORE2brWDL.js?AUIClients/ was preloaded using link preload but not used within a few seconds from the window's load event. Please make sure it has an appropriate `as` value and it is preloaded intentionally. @ https://www.amazon.es/dp/B01IDLG6RS:0
[ 1444388ms] [WARNING] The resource https://m.media-amazon.com/images/I/3191ejuFnBL.js?AUIClients/ was preloaded using link preload but not used within a few seconds from the window's load event. Please make sure it has an appropriate `as` value and it is preloaded intentionally. @ https://www.amazon.es/dp/B01IDLG6RS:0
[ 1444388ms] [WARNING] The resource https://m.media-amazon.com/images/I/51S-qOAsDtL.js?AUIClients/ was preloaded using link preload but not used within a few seconds from the window's load event. Please make sure it has an appropriate `as` value and it is preloaded intentionally. @ https://www.amazon.es/dp/B01IDLG6RS:0
[ 1444388ms] [WARNING] The resource https://m.media-amazon.com/images/S/sash/NaRkeLk0R2VxYa6.html#sfClientHtmlUrl was preloaded using link preload but not used within a few seconds from the window's load event. Please make sure it has an appropriate `as` value and it is preloaded intentionally. @ https://www.amazon.es/dp/B01IDLG6RS:0
[ 1444388ms] [WARNING] The resource https://m.media-amazon.com/images/I/31lqqqMDjxL.js?AUIClients/ was preloaded using link preload but not used within a few seconds from the window's load event. Please make sure it has an appropriate `as` value and it is preloaded intentionally. @ https://www.amazon.es/dp/B01IDLG6RS:0
[ 1444388ms] [WARNING] The resource https://m.media-amazon.com/images/I/61EhOl9i4dL.js?AUIClients/ was preloaded using link preload but not used within a few seconds from the window's load event. Please make sure it has an appropriate `as` value and it is preloaded intentionally. @ https://www.amazon.es/dp/B01IDLG6RS:0
[ 1468951ms] [ERROR] [WARN] undefined No events to send to endpoint @ https://m.media-amazon.com/images/I/C1VPjFYSMrL.js:19
[ 1468954ms] [ERROR] [WARN] undefined No events to send to endpoint @ https://m.media-amazon.com/images/I/C1VPjFYSMrL.js:19
[ 1470538ms] [WARNING] Unrecognized feature: 'attribution-reporting'. @ https://www.googletagservices.com/dcm/impl_v107.js:109
[ 1470547ms] [WARNING] Unrecognized feature: 'attribution-reporting'. @ https://www.googletagservices.com/dcm/impl_v107.js:109
[ 1475205ms] [WARNING] Unrecognized feature: 'attribution-reporting'. @ https://www.googletagservices.com/dcm/impl_v107.js:109
[ 1475263ms] [LOG] [NoriLogger] Initialized successfully @ https://m.media-amazon.com/images/I/B1rqcmVMIPL.js:0
[ 1475267ms] [ERROR] [SushiLogger] Logger not initialized, performance not logged for: asinImageRender @ https://m.media-amazon.com/images/I/B1rqcmVMIPL.js:0
[ 1475299ms] [LOG] Registered provider a for configuration resolution. @ https://m.media-amazon.com/images/I/C1VPjFYSMrL.js:19
[ 1475310ms] [WARNING] No client strategy found. Metrics will not be enabled. @ https://m.media-amazon.com/images/I/C1VPjFYSMrL.js:27
[ 1475313ms] [ERROR] [NoriLogger] [WARN] DSPClientStrategy NoriLogger: Timer for fontsRender already exists. @ https://m.media-amazon.com/images/I/B1rqcmVMIPL.js:0
[ 1475314ms] [ERROR] [NoriLogger] [WARN] DSPClientStrategy NoriLogger: Timer for fontsRender already exists. @ https://m.media-amazon.com/images/I/B1rqcmVMIPL.js:0
[ 1478470ms] [ERROR] Error logged with the Track&Report JS errors API(http://tiny/1covqr6l8/wamazindeClieUserJava): {"m":"MIX C004 ","name":"Error","csm":"v5 ueLogError stack","logLevel":"WARN","attribution":"[cel_widget_id=\"sb-themed-collection-v2-desktop_loom-desktop-inline-slot_0\"]","pageURL":"https://www.amazon.es/s?k=MAURER+convertidor+oxido+minio+hierro+250","f":"https://www.amazon.es/s?k=MAURER%20convertidor%20oxido%20minio%20hierro%20250","l":"124","s":["Error:","at b.mix_csa (https://www.amazon.es/s?k=MAURER%20convertidor%20oxido%20minio%20hierro%20250:124:53)","at https://www.amazon.es/s?k=MAURER+convertidor+oxido+minio+hierro+250:4242:300"],"t":4029} {m: MIX C004 , name: Error, type: undefined, csm: v5 ueLogError stack, logLevel: WARN} @ https://images-na.ssl-images-amazon.com/images/I/215h87l68bL.js:3
[ 1478470ms] [ERROR] Error logged with the Track&Report JS errors API(http://tiny/1covqr6l8/wamazindeClieUserJava): {"m":"MIX C004 ","name":"Error","csm":"v5 ueLogError stack","logLevel":"WARN","attribution":"[cel_widget_id=\"sb-themed-collection-v2-desktop_loom-desktop-inline-slot_0\"]","pageURL":"https://www.amazon.es/s?k=MAURER+convertidor+oxido+minio+hierro+250","f":"https://www.amazon.es/s?k=MAURER%20convertidor%20oxido%20minio%20hierro%20250","l":"124","s":["Error:","at b.mix_csa (https://www.amazon.es/s?k=MAURER%20convertidor%20oxido%20minio%20hierro%20250:124:53)","at https://www.amazon.es/s?k=MAURER+convertidor+oxido+minio+hierro+250:4280:52740"],"t":4029} {m: MIX C004 , name: Error, type: undefined, csm: v5 ueLogError stack, logLevel: WARN} @ https://images-na.ssl-images-amazon.com/images/I/215h87l68bL.js:3
[ 1478470ms] [ERROR] Error logged with the Track&Report JS errors API(http://tiny/1covqr6l8/wamazindeClieUserJava): {"m":"MIX C004 ","name":"Error","csm":"v5 ueLogError stack","logLevel":"WARN","attribution":"[cel_widget_id=\"sb-themed-collection-v2-desktop_loom-desktop-inline-slot_0\"]","pageURL":"https://www.amazon.es/s?k=MAURER+convertidor+oxido+minio+hierro+250","f":"https://www.amazon.es/s?k=MAURER%20convertidor%20oxido%20minio%20hierro%20250","l":"124","s":["Error:","at b.mix_csa (https://www.amazon.es/s?k=MAURER%20convertidor%20oxido%20minio%20hierro%20250:124:53)","at https://www.amazon.es/s?k=MAURER+convertidor+oxido+minio+hierro+250:4283:249"],"t":4030} {m: MIX C004 , name: Error, type: undefined, csm: v5 ueLogError stack, logLevel: WARN} @ https://images-na.ssl-images-amazon.com/images/I/215h87l68bL.js:3
[ 1479364ms] [WARNING] Unrecognized feature: 'attribution-reporting'. @ https://www.googletagservices.com/dcm/impl_v107.js:109
[ 1479364ms] [WARNING] Unrecognized feature: 'attribution-reporting'. @ https://www.googletagservices.com/dcm/impl_v107.js:109
[ 1479401ms] [LOG] Registered provider a for configuration resolution. @ https://m.media-amazon.com/images/I/C1VPjFYSMrL.js:19
[ 1479418ms] [WARNING] No client strategy found. Metrics will not be enabled. @ https://m.media-amazon.com/images/I/C1VPjFYSMrL.js:27
[ 1479364ms] [WARNING] Unrecognized feature: 'attribution-reporting'. @ https://www.googletagservices.com/dcm/impl_v107.js:109
[ 1479439ms] [WARNING] Unrecognized feature: 'attribution-reporting'. @ https://www.googletagservices.com/dcm/impl_v107.js:109
[ 1483521ms] [LOG] Registered provider a for configuration resolution. @ https://m.media-amazon.com/images/I/C1VPjFYSMrL.js:19
[ 1483543ms] [WARNING] No client strategy found. Metrics will not be enabled. @ https://m.media-amazon.com/images/I/C1VPjFYSMrL.js:27
[ 1483553ms] [WARNING] Unrecognized feature: 'attribution-reporting'. @ https://www.googletagservices.com/dcm/impl_v107.js:109
[ 1487268ms] [ERROR] Error logged with the Track&Report JS errors API(http://tiny/1covqr6l8/wamazindeClieUserJava): {"m":"MIX C004 ","name":"Error","csm":"v5 ueLogError stack","logLevel":"WARN","attribution":"[cel_widget_id=\"sb-themed-collection-v2-desktop_loom-desktop-inline-slot_0\"]","pageURL":"https://www.amazon.es/s?k=convertidor+de+%C3%B3xido+gel+no+gotea","f":"https://www.amazon.es/s?k=convertidor%20de%20%C3%B3xido%20gel%20no%20gotea","l":"124","s":["Error:","at b.mix_csa (https://www.amazon.es/s?k=convertidor%20de%20%C3%B3xido%20gel%20no%20gotea:124:53)","at https://www.amazon.es/s?k=convertidor+de+%C3%B3xido+gel+no+gotea:4655:301"],"t":4766} {m: MIX C004 , name: Error, type: undefined, csm: v5 ueLogError stack, logLevel: WARN} @ https://images-na.ssl-images-amazon.com/images/I/215h87l68bL.js:3
[ 1487268ms] [ERROR] Error logged with the Track&Report JS errors API(http://tiny/1covqr6l8/wamazindeClieUserJava): {"m":"MIX C004 ","name":"Error","csm":"v5 ueLogError stack","logLevel":"WARN","attribution":"[cel_widget_id=\"sb-themed-collection-v2-desktop_loom-desktop-inline-slot_0\"]","pageURL":"https://www.amazon.es/s?k=convertidor+de+%C3%B3xido+gel+no+gotea","f":"https://www.amazon.es/s?k=convertidor%20de%20%C3%B3xido%20gel%20no%20gotea","l":"124","s":["Error:","at b.mix_csa (https://www.amazon.es/s?k=convertidor%20de%20%C3%B3xido%20gel%20no%20gotea:124:53)","at https://www.amazon.es/s?k=convertidor+de+%C3%B3xido+gel+no+gotea:4693:54523"],"t":4766} {m: MIX C004 , name: Error, type: undefined, csm: v5 ueLogError stack, logLevel: WARN} @ https://images-na.ssl-images-amazon.com/images/I/215h87l68bL.js:3
[ 1487268ms] [ERROR] Error logged with the Track&Report JS errors API(http://tiny/1covqr6l8/wamazindeClieUserJava): {"m":"MIX C004 ","name":"Error","csm":"v5 ueLogError stack","logLevel":"WARN","attribution":"[cel_widget_id=\"sb-themed-collection-v2-desktop_loom-desktop-inline-slot_0\"]","pageURL":"https://www.amazon.es/s?k=convertidor+de+%C3%B3xido+gel+no+gotea","f":"https://www.amazon.es/s?k=convertidor%20de%20%C3%B3xido%20gel%20no%20gotea","l":"124","s":["Error:","at b.mix_csa (https://www.amazon.es/s?k=convertidor%20de%20%C3%B3xido%20gel%20no%20gotea:124:53)","at https://www.amazon.es/s?k=convertidor+de+%C3%B3xido+gel+no+gotea:4696:249"],"t":4767} {m: MIX C004 , name: Error, type: undefined, csm: v5 ueLogError stack, logLevel: WARN} @ https://images-na.ssl-images-amazon.com/images/I/215h87l68bL.js:3
[ 1496630ms] [WARNING] The resource https://m.media-amazon.com/images/S/sash/NaRkeLk0R2VxYa6.html#sfClientHtmlUrl was preloaded using link preload but not used within a few seconds from the window's load event. Please make sure it has an appropriate `as` value and it is preloaded intentionally. @ https://www.amazon.es/s?k=convertidor+de+%C3%B3xido+gel+no+gotea:0
[ 1496631ms] [WARNING] The resource https://m.media-amazon.com/images/S/sash/dQmtOjc96Ff0nJe.js#sfClientUrl was preloaded using link preload but not used within a few seconds from the window's load event. Please make sure it has an appropriate `as` value and it is preloaded intentionally. @ https://www.amazon.es/s?k=convertidor+de+%C3%B3xido+gel+no+gotea:0
[ 1513694ms] [ERROR] [WARN] undefined No events to send to endpoint @ https://m.media-amazon.com/images/I/C1VPjFYSMrL.js:19
[ 1516529ms] [ERROR] Error logged with the Track&Report JS errors API(http://tiny/1covqr6l8/wamazindeClieUserJava): {"m":"Twister-OD mismatch: delivery(twister=envo gratis maana,offersDisplay=entrega gratis maana 20 de septiembre haz el pedido en 15 mins ver detalles)","csm":"v5 ueLogError","logLevel":"INFO","attribution":"DetailPageTwisterViewAsset:TwisterSlotMismatch"} {m: Twister-OD mismatch: delivery(twister=envo gratis …septiembre haz el pedido en 15 mins ver detalles), name: undefined, type: undefined, csm: v5 ueLogError, logLevel: INFO} @ https://images-na.ssl-images-amazon.com/images/I/215h87l68bL.js:3
[ 1879421ms] [WARNING] Le module <autocontextualization> n'existe pas dans la page ou a déjà été instancié. @ https://www.leroymerlin.es/cdp-site/6.66.0/static/js/common.modern.js:0
[ 1879421ms] [LOG] Le module <autocontextualization> a été instancié. @ https://www.leroymerlin.es/cdp-site/6.66.0/static/js/common.modern.js:0
[ 1879424ms] [WARNING] Le module <autocontextualization> n'existe pas dans la page ou a déjà été instancié. @ https://www.leroymerlin.es/cdp-site/6.66.0/static/js/common.modern.js:0
[ 1879424ms] [LOG] Le module <autocontextualization> a été instancié. @ https://www.leroymerlin.es/cdp-site/6.66.0/static/js/common.modern.js:0
[ 1879426ms] [WARNING] Le module <contextheader> n'existe pas dans la page ou a déjà été instancié. @ https://www.leroymerlin.es/cdp-site/6.66.0/static/js/common.modern.js:0
[ 1879426ms] [LOG] Le module <contextheader> a été instancié. @ https://www.leroymerlin.es/cdp-site/6.66.0/static/js/common.modern.js:0
[ 1879427ms] [WARNING] Le module <autocontextualization> n'existe pas dans la page ou a déjà été instancié. @ https://www.leroymerlin.es/cdp-site/6.66.0/static/js/common.modern.js:0
[ 1879427ms] [LOG] Le module <autocontextualization> a été instancié. @ https://www.leroymerlin.es/cdp-site/6.66.0/static/js/common.modern.js:0
[ 1879430ms] [WARNING] Le module <contextbanner> n'existe pas dans la page ou a déjà été instancié. @ https://www.leroymerlin.es/cdp-site/6.66.0/static/js/common.modern.js:0
[ 1879430ms] [LOG] Le module <contextbanner> a été instancié. @ https://www.leroymerlin.es/cdp-site/6.66.0/static/js/common.modern.js:0
[ 1879431ms] [WARNING] Le module <ContextLayer> n'existe pas dans la page ou a déjà été instancié. @ https://www.leroymerlin.es/cdp-site/6.66.0/static/js/common.modern.js:0
[ 1879431ms] [LOG] Le module <ContextLayer> a été instancié. @ https://www.leroymerlin.es/cdp-site/6.66.0/static/js/common.modern.js:0
[ 1879432ms] [LOG] Le module <customerheadermodule> a été instancié. @ https://www.leroymerlin.es/cdp-site/6.66.0/static/js/common.modern.js:0
[ 1879432ms] [WARNING] Le module <customerheadermodulev2> n'existe pas dans la page ou a déjà été instancié. @ https://www.leroymerlin.es/cdp-site/6.66.0/static/js/common.modern.js:0
[ 1879432ms] [LOG] Le module <customerheadermodulev2> a été instancié. @ https://www.leroymerlin.es/cdp-site/6.66.0/static/js/common.modern.js:0
[ 1879433ms] [WARNING] Le module <shoppinglistheadermodule> n'existe pas dans la page ou a déjà été instancié. @ https://www.leroymerlin.es/cdp-site/6.66.0/static/js/common.modern.js:0
[ 1879433ms] [LOG] Le module <shoppinglistheadermodule> a été instancié. @ https://www.leroymerlin.es/cdp-site/6.66.0/static/js/common.modern.js:0
[ 1879436ms] [LOG] Le module <main-navigation> a été instancié. @ https://www.leroymerlin.es/cdp-site/6.66.0/static/js/common.modern.js:0
[ 1879588ms] [LOG] Le module <breadcrumb> a été instancié. @ https://www.leroymerlin.es/cdp-site/6.66.0/static/js/common.modern.js:0
[ 1879591ms] [WARNING] Le module <autocontextualization> n'existe pas dans la page ou a déjà été instancié. @ https://www.leroymerlin.es/cdp-site/6.66.0/static/js/common.modern.js:0
[ 1879591ms] [LOG] Le module <autocontextualization> a été instancié. @ https://www.leroymerlin.es/cdp-site/6.66.0/static/js/common.modern.js:0
[ 1879592ms] [WARNING] Le module <autocontextualization> n'existe pas dans la page ou a déjà été instancié. @ https://www.leroymerlin.es/cdp-site/6.66.0/static/js/common.modern.js:0
[ 1879592ms] [LOG] Le module <autocontextualization> a été instancié. @ https://www.leroymerlin.es/cdp-site/6.66.0/static/js/common.modern.js:0
[ 1879592ms] [WARNING] Le module <contextheader> n'existe pas dans la page ou a déjà été instancié. @ https://www.leroymerlin.es/cdp-site/6.66.0/static/js/common.modern.js:0
[ 1879592ms] [LOG] Le module <contextheader> a été instancié. @ https://www.leroymerlin.es/cdp-site/6.66.0/static/js/common.modern.js:0
[ 1879593ms] [WARNING] Le module <autocontextualization> n'existe pas dans la page ou a déjà été instancié. @ https://www.leroymerlin.es/cdp-site/6.66.0/static/js/common.modern.js:0
[ 1879593ms] [LOG] Le module <autocontextualization> a été instancié. @ https://www.leroymerlin.es/cdp-site/6.66.0/static/js/common.modern.js:0
[ 1879593ms] [WARNING] Le module <contextbanner> n'existe pas dans la page ou a déjà été instancié. @ https://www.leroymerlin.es/cdp-site/6.66.0/static/js/common.modern.js:0
[ 1879593ms] [LOG] Le module <contextbanner> a été instancié. @ https://www.leroymerlin.es/cdp-site/6.66.0/static/js/common.modern.js:0
[ 1879593ms] [WARNING] Le module <ContextLayer> n'existe pas dans la page ou a déjà été instancié. @ https://www.leroymerlin.es/cdp-site/6.66.0/static/js/common.modern.js:0
[ 1879593ms] [LOG] Le module <ContextLayer> a été instancié. @ https://www.leroymerlin.es/cdp-site/6.66.0/static/js/common.modern.js:0
[ 1879594ms] [LOG] Le module <customerheadermodule> a été instancié. @ https://www.leroymerlin.es/cdp-site/6.66.0/static/js/common.modern.js:0
[ 1879594ms] [WARNING] Le module <customerheadermodulev2> n'existe pas dans la page ou a déjà été instancié. @ https://www.leroymerlin.es/cdp-site/6.66.0/static/js/common.modern.js:0
[ 1879594ms] [LOG] Le module <customerheadermodulev2> a été instancié. @ https://www.leroymerlin.es/cdp-site/6.66.0/static/js/common.modern.js:0
[ 1879594ms] [WARNING] Le module <shoppinglistheadermodule> n'existe pas dans la page ou a déjà été instancié. @ https://www.leroymerlin.es/cdp-site/6.66.0/static/js/common.modern.js:0
[ 1879594ms] [LOG] Le module <shoppinglistheadermodule> a été instancié. @ https://www.leroymerlin.es/cdp-site/6.66.0/static/js/common.modern.js:0
[ 1879595ms] [LOG] Le module <main-navigation> a été instancié. @ https://www.leroymerlin.es/cdp-site/6.66.0/static/js/common.modern.js:0
[ 1879629ms] [WARNING] Le module <product-thumbnail> n'existe pas dans la page ou a déjà été instancié. @ https://www.leroymerlin.es/cdp-site/6.66.0/static/js/common.modern.js:0
[ 1879629ms] [LOG] Le module <product-thumbnail> a été instancié. @ https://www.leroymerlin.es/cdp-site/6.66.0/static/js/common.modern.js:0
[ 1879650ms] SyntaxError: Failed to execute 'querySelectorAll' on 'Document': '[id^=component-], header[id^=], footer[id^=]' is not a valid selector.
    at new lm.Composant (https://www.leroymerlin.es/cdp-site/6.66.0/static/js/common.modern.js:1:32014)
    at new i (https://www.leroymerlin.es/product-recommendation-node-module/0.49.185/static/views/js/standard.js:3:19101)
    at new Gt (https://www.leroymerlin.es/product-recommendation-node-module/0.49.185/static/views/js/standard.js:3:22415)
    at https://www.leroymerlin.es/product-recommendation-node-module/0.49.185/static/views/js/standard.js:3:19598
    at Array.forEach (<anonymous>)
    at Gt.setupOnceDomIsReady (https://www.leroymerlin.es/product-recommendation-node-module/0.49.185/static/views/js/standard.js:3:19586)
    at https://www.leroymerlin.es/product-recommendation-node-module/0.49.185/static/views/js/standard.js:3:22813
[ 1879701ms] [WARNING] Le module <productdetail> n'existe pas dans la page ou a déjà été instancié. @ https://www.leroymerlin.es/cdp-site/6.66.0/static/js/common.modern.js:0
[ 1879701ms] [LOG] Le module <productdetail> a été instancié. @ https://www.leroymerlin.es/cdp-site/6.66.0/static/js/common.modern.js:0
[ 1879710ms] [ERROR] [PDP] Error during initialization of [last-seen-products] TypeError: Cannot read properties of undefined (reading 'eventBus')
    at https://www.leroymerlin.es/components/productdetails/6.345.1/static/productdetail/productdetail.js:2302:32
    at safeInit (https://www.leroymerlin.es/components/productdetails/6.345.1/static/productdetail/productdetail.js:1608:5)
    at new ProductDetail (https://www.leroymerlin.es/components/productdetails/6.345.1/static/productdetail/productdetail.js:2298:62)
    at https://www.leroymerlin.es/components/productdetails/6.345.1/static/productdetail/productdetail.js:2314:3 @ https://www.leroymerlin.es/components/productdetails/6.345.1/static/productdetail/productdetail.js:1609
[ 1879729ms] [LOG] Le module <addtoshoppinglist> a été instancié. @ https://www.leroymerlin.es/cdp-site/6.66.0/static/js/common.modern.js:0
[ 1879734ms] [WARNING] Le module <ragproductdetail> n'existe pas dans la page ou a déjà été instancié. @ https://www.leroymerlin.es/cdp-site/6.66.0/static/js/common.modern.js:0
[ 1879734ms] [LOG] Le module <ragproductdetail> a été instancié. @ https://www.leroymerlin.es/cdp-site/6.66.0/static/js/common.modern.js:0
[ 1879826ms] [LOG] Le module <tms> a été instancié. @ https://www.leroymerlin.es/cdp-site/6.66.0/static/js/common.modern.js:0
[ 1879829ms] [LOG] Le module <socialCommerce> a été instancié. @ https://www.leroymerlin.es/cdp-site/6.66.0/static/js/common.modern.js:0
[ 1880032ms] [WARNING] Le module <cartcdp> n'existe pas dans la page ou a déjà été instancié. @ https://www.leroymerlin.es/cdp-site/6.66.0/static/js/common.modern.js:0
[ 1880033ms] [LOG] Le module <cartcdp> a été instancié. @ https://www.leroymerlin.es/cdp-site/6.66.0/static/js/common.modern.js:0
[ 1880063ms] [WARNING] Le module <productrelations> n'existe pas dans la page ou a déjà été instancié. @ https://www.leroymerlin.es/cdp-site/6.66.0/static/js/common.modern.js:0
[ 1880064ms] [LOG] Le module <productrelations> a été instancié. @ https://www.leroymerlin.es/cdp-site/6.66.0/static/js/common.modern.js:0
[ 1880064ms] [LOG] Le module <producttools> a été instancié. @ https://www.leroymerlin.es/cdp-site/6.66.0/static/js/common.modern.js:0
[ 1880078ms] [WARNING] Le module <bundlecdp> n'existe pas dans la page ou a déjà été instancié. @ https://www.leroymerlin.es/cdp-site/6.66.0/static/js/common.modern.js:0
[ 1880079ms] [LOG] Le module <bundlecdp> a été instancié. @ https://www.leroymerlin.es/cdp-site/6.66.0/static/js/common.modern.js:0
[ 1880079ms] [WARNING] Le module <sampleProduct> n'existe pas dans la page ou a déjà été instancié. @ https://www.leroymerlin.es/cdp-site/6.66.0/static/js/common.modern.js:0
[ 1880079ms] [LOG] Le module <sampleProduct> a été instancié. @ https://www.leroymerlin.es/cdp-site/6.66.0/static/js/common.modern.js:0
[ 1880096ms] [WARNING] Le module <premium> n'existe pas dans la page ou a déjà été instancié. @ https://www.leroymerlin.es/cdp-site/6.66.0/static/js/common.modern.js:0
[ 1880096ms] [LOG] Le module <premium> a été instancié. @ https://www.leroymerlin.es/cdp-site/6.66.0/static/js/common.modern.js:0
[ 1880240ms] Uncaught (in promise) #<Object>
    at w (https://edge.curalate.com/sites/leroymerlines-bnbpp3/site/latest/site.min.js:0:11576)
    at <anonymous> (https://edge.curalate.com/sites/leroymerlines-bnbpp3/site/latest/site.min.js:0:18831)
    at <anonymous> (https://edge.curalate.com/sites/leroymerlines-bnbpp3/site/latest/site.min.js:0:14673)
    at <anonymous> (https://www.leroymerlin.es/productos/convertidor-de-oxido-250-ml-paraliza-el-oxido-al-agua-transformador-de-oxido-proa-95056911.html:3155:28)
    at <anonymous> (https://www.leroymerlin.es/productos/convertidor-de-oxido-250-ml-paraliza-el-oxido-al-agua-transformador-de-oxido-proa-95056911.html:3149:455)
    at o.onload (https://www.leroymerlin.es/productos/convertidor-de-oxido-250-ml-paraliza-el-oxido-al-agua-transformador-de-oxido-proa-95056911.html:3149:435)
[ 1880758ms] [LOG] Le module <WebsiteHeaderComponent> a été instancié. @ https://www.leroymerlin.es/cdp-site/6.66.0/static/js/common.modern.js:0
[ 1880932ms] [LOG] handleVisible timing : 1 @ :21
[ 1880936ms] [LOG] CHARGED @ :0
[ 1880930ms] TypeError: Cannot read properties of undefined (reading 'label')
    at <anonymous>:2:96
    at https://www.googletagmanager.com/gtm.js?id=GTM-P8929SJ&l=dataLayerGTM:1064:429
    at NS (https://www.googletagmanager.com/gtm.js?id=GTM-P8929SJ&l=dataLayerGTM:1066:31)
    at Md.MS (https://www.googletagmanager.com/gtm.js?id=GTM-P8929SJ&l=dataLayerGTM:1063:92)
    at Md.<anonymous> (https://www.googletagmanager.com/gtm.js?id=GTM-P8929SJ&l=dataLayerGTM:415:187)
    at l.apply (https://www.googletagmanager.com/gtm.js?id=GTM-P8929SJ&l=dataLayerGTM:336:466)
    at fb (https://www.googletagmanager.com/gtm.js?id=GTM-P8929SJ&l=dataLayerGTM:297:806)
    at eb (https://www.googletagmanager.com/gtm.js?id=GTM-P8929SJ&l=dataLayerGTM:297:512)
    at Md.<anonymous> (https://www.googletagmanager.com/gtm.js?id=GTM-P8929SJ&l=dataLayerGTM:360:473)
    at l.apply (https://www.googletagmanager.com/gtm.js?id=GTM-P8929SJ&l=dataLayerGTM:336:466)
[ 1880933ms] TypeError: Cannot read properties of null (reading 'innerHTML')
    at <anonymous>:1:69
    at https://www.googletagmanager.com/gtm.js?id=GTM-P8929SJ&l=dataLayerGTM:1064:429
    at NS (https://www.googletagmanager.com/gtm.js?id=GTM-P8929SJ&l=dataLayerGTM:1066:31)
    at Md.MS (https://www.googletagmanager.com/gtm.js?id=GTM-P8929SJ&l=dataLayerGTM:1063:92)
    at Md.<anonymous> (https://www.googletagmanager.com/gtm.js?id=GTM-P8929SJ&l=dataLayerGTM:415:187)
    at l.apply (https://www.googletagmanager.com/gtm.js?id=GTM-P8929SJ&l=dataLayerGTM:336:466)
    at fb (https://www.googletagmanager.com/gtm.js?id=GTM-P8929SJ&l=dataLayerGTM:297:806)
    at eb (https://www.googletagmanager.com/gtm.js?id=GTM-P8929SJ&l=dataLayerGTM:297:512)
    at Md.<anonymous> (https://www.googletagmanager.com/gtm.js?id=GTM-P8929SJ&l=dataLayerGTM:360:473)
    at l.apply (https://www.googletagmanager.com/gtm.js?id=GTM-P8929SJ&l=dataLayerGTM:336:466)
[ 1880954ms] [LOG] undefined @ :2
[ 1880982ms] [LOG] cdl_event @ :26
[ 1881693ms] [LOG] Load or reload the Optimeeze datalayer @ https://leroymerlines.tracking.optimeeze.data.adeo.cloud/op_t-jz8343zt372d4p45w7srz3cv-min.js:1
[ 1882583ms] [LOG] Le module <breadcrumb> a été instancié. @ https://www.leroymerlin.es/cdp-site/6.66.0/static/js/common.modern.js:0
[ 1882590ms] [LOG] Le module <tms> a été instancié. @ https://www.leroymerlin.es/cdp-site/6.66.0/static/js/common.modern.js:0
[ 1882682ms] SyntaxError: Failed to execute 'querySelectorAll' on 'Document': '[id^=component-], header[id^=], footer[id^=]' is not a valid selector.
    at new lm.Composant (https://www.leroymerlin.es/cdp-site/6.66.0/static/js/common.modern.js:1:32014)
    at new i (https://www.leroymerlin.es/product-recommendation-node-module/0.49.185/static/views/js/standard.js:3:19101)
    at new Gt (https://www.leroymerlin.es/product-recommendation-node-module/0.49.185/static/views/js/standard.js:3:22415)
    at https://www.leroymerlin.es/product-recommendation-node-module/0.49.185/static/views/js/standard.js:3:19598
    at Array.forEach (<anonymous>)
    at Gt.setupOnceDomIsReady (https://www.leroymerlin.es/product-recommendation-node-module/0.49.185/static/views/js/standard.js:3:19586)
    at HTMLDocument.<anonymous> (https://www.leroymerlin.es/product-recommendation-node-module/0.49.185/static/views/js/standard.js:3:22813)
[ 1882593ms] [LOG] Le module <socialCommerce> a été instancié. @ https://www.leroymerlin.es/cdp-site/6.66.0/static/js/common.modern.js:0
[ 1882615ms] [WARNING] Le module <autocontextualization> n'existe pas dans la page ou a déjà été instancié. @ https://www.leroymerlin.es/cdp-site/6.66.0/static/js/common.modern.js:0
[ 1882615ms] [LOG] Le module <autocontextualization> a été instancié. @ https://www.leroymerlin.es/cdp-site/6.66.0/static/js/common.modern.js:0
[ 1882616ms] [WARNING] Le module <autocontextualization> n'existe pas dans la page ou a déjà été instancié. @ https://www.leroymerlin.es/cdp-site/6.66.0/static/js/common.modern.js:0
[ 1882616ms] [LOG] Le module <autocontextualization> a été instancié. @ https://www.leroymerlin.es/cdp-site/6.66.0/static/js/common.modern.js:0
[ 1882616ms] [WARNING] Le module <contextheader> n'existe pas dans la page ou a déjà été instancié. @ https://www.leroymerlin.es/cdp-site/6.66.0/static/js/common.modern.js:0
[ 1882616ms] [LOG] Le module <contextheader> a été instancié. @ https://www.leroymerlin.es/cdp-site/6.66.0/static/js/common.modern.js:0
[ 1882617ms] [WARNING] Le module <autocontextualization> n'existe pas dans la page ou a déjà été instancié. @ https://www.leroymerlin.es/cdp-site/6.66.0/static/js/common.modern.js:0
[ 1882617ms] [LOG] Le module <autocontextualization> a été instancié. @ https://www.leroymerlin.es/cdp-site/6.66.0/static/js/common.modern.js:0
[ 1882617ms] [WARNING] Le module <contextbanner> n'existe pas dans la page ou a déjà été instancié. @ https://www.leroymerlin.es/cdp-site/6.66.0/static/js/common.modern.js:0
[ 1882617ms] [LOG] Le module <contextbanner> a été instancié. @ https://www.leroymerlin.es/cdp-site/6.66.0/static/js/common.modern.js:0
[ 1882617ms] [WARNING] Le module <ContextLayer> n'existe pas dans la page ou a déjà été instancié. @ https://www.leroymerlin.es/cdp-site/6.66.0/static/js/common.modern.js:0
[ 1882617ms] [LOG] Le module <ContextLayer> a été instancié. @ https://www.leroymerlin.es/cdp-site/6.66.0/static/js/common.modern.js:0
[ 1882618ms] [LOG] Le module <customerheadermodule> a été instancié. @ https://www.leroymerlin.es/cdp-site/6.66.0/static/js/common.modern.js:0
[ 1882618ms] [WARNING] Le module <customerheadermodulev2> n'existe pas dans la page ou a déjà été instancié. @ https://www.leroymerlin.es/cdp-site/6.66.0/static/js/common.modern.js:0
[ 1882618ms] [LOG] Le module <customerheadermodulev2> a été instancié. @ https://www.leroymerlin.es/cdp-site/6.66.0/static/js/common.modern.js:0
[ 1882618ms] [WARNING] Le module <shoppinglistheadermodule> n'existe pas dans la page ou a déjà été instancié. @ https://www.leroymerlin.es/cdp-site/6.66.0/static/js/common.modern.js:0
[ 1882618ms] [LOG] Le module <shoppinglistheadermodule> a été instancié. @ https://www.leroymerlin.es/cdp-site/6.66.0/static/js/common.modern.js:0
[ 1882618ms] [LOG] Le module <main-navigation> a été instancié. @ https://www.leroymerlin.es/cdp-site/6.66.0/static/js/common.modern.js:0
[ 1882635ms] [WARNING] Le module <product-thumbnail> n'existe pas dans la page ou a déjà été instancié. @ https://www.leroymerlin.es/cdp-site/6.66.0/static/js/common.modern.js:0
[ 1882636ms] [LOG] Le module <product-thumbnail> a été instancié. @ https://www.leroymerlin.es/cdp-site/6.66.0/static/js/common.modern.js:0
[ 1882636ms] [WARNING] Le module <productdetail> n'existe pas dans la page ou a déjà été instancié. @ https://www.leroymerlin.es/cdp-site/6.66.0/static/js/common.modern.js:0
[ 1882636ms] [LOG] Le module <productdetail> a été instancié. @ https://www.leroymerlin.es/cdp-site/6.66.0/static/js/common.modern.js:0
[ 1882642ms] [LOG] Le module <addtoshoppinglist> a été instancié. @ https://www.leroymerlin.es/cdp-site/6.66.0/static/js/common.modern.js:0
[ 1882642ms] [WARNING] Le module <ragproductdetail> n'existe pas dans la page ou a déjà été instancié. @ https://www.leroymerlin.es/cdp-site/6.66.0/static/js/common.modern.js:0
[ 1882642ms] [LOG] Le module <ragproductdetail> a été instancié. @ https://www.leroymerlin.es/cdp-site/6.66.0/static/js/common.modern.js:0
[ 1882652ms] [WARNING] Le module <cartcdp> n'existe pas dans la page ou a déjà été instancié. @ https://www.leroymerlin.es/cdp-site/6.66.0/static/js/common.modern.js:0
[ 1882652ms] [LOG] Le module <cartcdp> a été instancié. @ https://www.leroymerlin.es/cdp-site/6.66.0/static/js/common.modern.js:0
[ 1882653ms] [WARNING] Le module <productrelations> n'existe pas dans la page ou a déjà été instancié. @ https://www.leroymerlin.es/cdp-site/6.66.0/static/js/common.modern.js:0
[ 1882653ms] [LOG] Le module <productrelations> a été instancié. @ https://www.leroymerlin.es/cdp-site/6.66.0/static/js/common.modern.js:0
[ 1882653ms] [WARNING] Le module <producttools> n'existe pas dans la page ou a déjà été instancié. @ https://www.leroymerlin.es/cdp-site/6.66.0/static/js/common.modern.js:0
[ 1882653ms] [LOG] Le module <producttools> a été instancié. @ https://www.leroymerlin.es/cdp-site/6.66.0/static/js/common.modern.js:0
[ 1882653ms] [WARNING] Le module <bundlecdp> n'existe pas dans la page ou a déjà été instancié. @ https://www.leroymerlin.es/cdp-site/6.66.0/static/js/common.modern.js:0
[ 1882653ms] [LOG] Le module <bundlecdp> a été instancié. @ https://www.leroymerlin.es/cdp-site/6.66.0/static/js/common.modern.js:0
[ 1882654ms] [WARNING] Le module <sampleProduct> n'existe pas dans la page ou a déjà été instancié. @ https://www.leroymerlin.es/cdp-site/6.66.0/static/js/common.modern.js:0
[ 1882654ms] [LOG] Le module <sampleProduct> a été instancié. @ https://www.leroymerlin.es/cdp-site/6.66.0/static/js/common.modern.js:0
[ 1882654ms] [WARNING] Le module <premium> n'existe pas dans la page ou a déjà été instancié. @ https://www.leroymerlin.es/cdp-site/6.66.0/static/js/common.modern.js:0
[ 1882654ms] [LOG] Le module <premium> a été instancié. @ https://www.leroymerlin.es/cdp-site/6.66.0/static/js/common.modern.js:0
[ 1882833ms] Uncaught (in promise) #<Object>
    at w (https://edge.curalate.com/sites/leroymerlines-bnbpp3/site/latest/site.min.js:0:11576)
    at <anonymous> (https://edge.curalate.com/sites/leroymerlines-bnbpp3/site/latest/site.min.js:0:18831)
    at <anonymous> (https://edge.curalate.com/sites/leroymerlines-bnbpp3/site/latest/site.min.js:0:14673)
    at <anonymous> (https://www.leroymerlin.es/productos/convertidor-de-oxido-bruguer-incoloro-250ml-90321345.html:3049:28)
    at <anonymous> (https://www.leroymerlin.es/productos/convertidor-de-oxido-bruguer-incoloro-250ml-90321345.html:3043:455)
    at o.onload (https://www.leroymerlin.es/productos/convertidor-de-oxido-bruguer-incoloro-250ml-90321345.html:3043:435)
[ 1883205ms] [LOG] Le module <WebsiteHeaderComponent> a été instancié. @ https://www.leroymerlin.es/cdp-site/6.66.0/static/js/common.modern.js:0
[ 1883339ms] [LOG] handleVisible timing : 0 @ :21
[ 1883342ms] [LOG] CHARGED @ :0
[ 1883344ms] TypeError: Cannot read properties of undefined (reading 'label')
    at <anonymous>:2:96
    at https://www.googletagmanager.com/gtm.js?id=GTM-P8929SJ&l=dataLayerGTM:1064:429
    at NS (https://www.googletagmanager.com/gtm.js?id=GTM-P8929SJ&l=dataLayerGTM:1066:31)
    at Md.MS (https://www.googletagmanager.com/gtm.js?id=GTM-P8929SJ&l=dataLayerGTM:1063:92)
    at Md.<anonymous> (https://www.googletagmanager.com/gtm.js?id=GTM-P8929SJ&l=dataLayerGTM:415:187)
    at l.apply (https://www.googletagmanager.com/gtm.js?id=GTM-P8929SJ&l=dataLayerGTM:336:466)
    at fb (https://www.googletagmanager.com/gtm.js?id=GTM-P8929SJ&l=dataLayerGTM:297:806)
    at eb (https://www.googletagmanager.com/gtm.js?id=GTM-P8929SJ&l=dataLayerGTM:297:512)
    at Md.<anonymous> (https://www.googletagmanager.com/gtm.js?id=GTM-P8929SJ&l=dataLayerGTM:360:473)
    at l.apply (https://www.googletagmanager.com/gtm.js?id=GTM-P8929SJ&l=dataLayerGTM:336:466)
[ 1883347ms] TypeError: Cannot read properties of null (reading 'innerHTML')
    at <anonymous>:1:69
    at https://www.googletagmanager.com/gtm.js?id=GTM-P8929SJ&l=dataLayerGTM:1064:429
    at NS (https://www.googletagmanager.com/gtm.js?id=GTM-P8929SJ&l=dataLayerGTM:1066:31)
    at Md.MS (https://www.googletagmanager.com/gtm.js?id=GTM-P8929SJ&l=dataLayerGTM:1063:92)
    at Md.<anonymous> (https://www.googletagmanager.com/gtm.js?id=GTM-P8929SJ&l=dataLayerGTM:415:187)
    at l.apply (https://www.googletagmanager.com/gtm.js?id=GTM-P8929SJ&l=dataLayerGTM:336:466)
    at fb (https://www.googletagmanager.com/gtm.js?id=GTM-P8929SJ&l=dataLayerGTM:297:806)
    at eb (https://www.googletagmanager.com/gtm.js?id=GTM-P8929SJ&l=dataLayerGTM:297:512)
    at Md.<anonymous> (https://www.googletagmanager.com/gtm.js?id=GTM-P8929SJ&l=dataLayerGTM:360:473)
    at l.apply (https://www.googletagmanager.com/gtm.js?id=GTM-P8929SJ&l=dataLayerGTM:336:466)
[ 1883355ms] [LOG] undefined @ :2
[ 1883995ms] [LOG] Load or reload the Optimeeze datalayer @ https://leroymerlines.tracking.optimeeze.data.adeo.cloud/op_t-jz8343zt372d4p45w7srz3cv-min.js:1
[ 1885369ms] [LOG] Le module <breadcrumb> a été instancié. @ https://www.leroymerlin.es/cdp-site/6.66.0/static/js/common.modern.js:0
[ 1885371ms] [WARNING] Le module <autocontextualization> n'existe pas dans la page ou a déjà été instancié. @ https://www.leroymerlin.es/cdp-site/6.66.0/static/js/common.modern.js:0
[ 1885371ms] [LOG] Le module <autocontextualization> a été instancié. @ https://www.leroymerlin.es/cdp-site/6.66.0/static/js/common.modern.js:0
[ 1885371ms] [WARNING] Le module <autocontextualization> n'existe pas dans la page ou a déjà été instancié. @ https://www.leroymerlin.es/cdp-site/6.66.0/static/js/common.modern.js:0
[ 1885371ms] [LOG] Le module <autocontextualization> a été instancié. @ https://www.leroymerlin.es/cdp-site/6.66.0/static/js/common.modern.js:0
[ 1885371ms] [WARNING] Le module <contextheader> n'existe pas dans la page ou a déjà été instancié. @ https://www.leroymerlin.es/cdp-site/6.66.0/static/js/common.modern.js:0
[ 1885371ms] [LOG] Le module <contextheader> a été instancié. @ https://www.leroymerlin.es/cdp-site/6.66.0/static/js/common.modern.js:0
[ 1885372ms] [WARNING] Le module <autocontextualization> n'existe pas dans la page ou a déjà été instancié. @ https://www.leroymerlin.es/cdp-site/6.66.0/static/js/common.modern.js:0
[ 1885372ms] [LOG] Le module <autocontextualization> a été instancié. @ https://www.leroymerlin.es/cdp-site/6.66.0/static/js/common.modern.js:0
[ 1885372ms] [WARNING] Le module <contextbanner> n'existe pas dans la page ou a déjà été instancié. @ https://www.leroymerlin.es/cdp-site/6.66.0/static/js/common.modern.js:0
[ 1885372ms] [LOG] Le module <contextbanner> a été instancié. @ https://www.leroymerlin.es/cdp-site/6.66.0/static/js/common.modern.js:0
[ 1885372ms] [WARNING] Le module <ContextLayer> n'existe pas dans la page ou a déjà été instancié. @ https://www.leroymerlin.es/cdp-site/6.66.0/static/js/common.modern.js:0
[ 1885372ms] [LOG] Le module <ContextLayer> a été instancié. @ https://www.leroymerlin.es/cdp-site/6.66.0/static/js/common.modern.js:0
[ 1885372ms] [LOG] Le module <customerheadermodule> a été instancié. @ https://www.leroymerlin.es/cdp-site/6.66.0/static/js/common.modern.js:0
[ 1885373ms] [WARNING] Le module <customerheadermodulev2> n'existe pas dans la page ou a déjà été instancié. @ https://www.leroymerlin.es/cdp-site/6.66.0/static/js/common.modern.js:0
[ 1885373ms] [LOG] Le module <customerheadermodulev2> a été instancié. @ https://www.leroymerlin.es/cdp-site/6.66.0/static/js/common.modern.js:0
[ 1885373ms] [WARNING] Le module <shoppinglistheadermodule> n'existe pas dans la page ou a déjà été instancié. @ https://www.leroymerlin.es/cdp-site/6.66.0/static/js/common.modern.js:0
[ 1885373ms] [LOG] Le module <shoppinglistheadermodule> a été instancié. @ https://www.leroymerlin.es/cdp-site/6.66.0/static/js/common.modern.js:0
[ 1885373ms] [LOG] Le module <main-navigation> a été instancié. @ https://www.leroymerlin.es/cdp-site/6.66.0/static/js/common.modern.js:0
[ 1885395ms] [WARNING] Le module <component-categorymetameshingenrichment-header-5affd64b-f30f-4324-8b0c-ec9c03bdc17b> n'existe pas dans la page ou a déjà été instancié. @ https://www.leroymerlin.es/cdp-site/6.66.0/static/js/common.modern.js:0
[ 1885395ms] [LOG] Le module <component-categorymetameshingenrichment-header-5affd64b-f30f-4324-8b0c-ec9c03bdc17b> a été instancié. @ https://www.leroymerlin.es/cdp-site/6.66.0/static/js/common.modern.js:0
[ 1885395ms] [WARNING] Le module <component-nearbystores> n'existe pas dans la page ou a déjà été instancié. @ https://www.leroymerlin.es/cdp-site/6.66.0/static/js/common.modern.js:0
[ 1885395ms] [LOG] Le module <component-nearbystores> a été instancié. @ https://www.leroymerlin.es/cdp-site/6.66.0/static/js/common.modern.js:0
[ 1885399ms] [LOG] Le module <tms> a été instancié. @ https://www.leroymerlin.es/cdp-site/6.66.0/static/js/common.modern.js:0
[ 1885406ms] [WARNING] Le module <component-cityLandingThematics> n'existe pas dans la page ou a déjà été instancié. @ https://www.leroymerlin.es/cdp-site/6.66.0/static/js/common.modern.js:0
[ 1885406ms] [LOG] Le module <component-cityLandingThematics> a été instancié. @ https://www.leroymerlin.es/cdp-site/6.66.0/static/js/common.modern.js:0
[ 1885406ms] [WARNING] Le module <component-category-meta-meshing-enrichment-top-services-71f6b500-fc68-46ae-9270-17e9fd26cdf6> n'existe pas dans la page ou a déjà été instancié. @ https://www.leroymerlin.es/cdp-site/6.66.0/static/js/common.modern.js:0
[ 1885406ms] [LOG] Le module <component-category-meta-meshing-enrichment-top-services-71f6b500-fc68-46ae-9270-17e9fd26cdf6> a été instancié. @ https://www.leroymerlin.es/cdp-site/6.66.0/static/js/common.modern.js:0
[ 1885407ms] [WARNING] Le module <product-thumbnail> n'existe pas dans la page ou a déjà été instancié. @ https://www.leroymerlin.es/cdp-site/6.66.0/static/js/common.modern.js:0
[ 1885407ms] [LOG] Le module <product-thumbnail> a été instancié. @ https://www.leroymerlin.es/cdp-site/6.66.0/static/js/common.modern.js:0
[ 1885658ms] [LOG] Le module <WebsiteHeaderComponent> a été instancié. @ https://www.leroymerlin.es/cdp-site/6.66.0/static/js/common.modern.js:0
[ 1885902ms] [LOG] handleVisible timing : 0 @ :21
[ 1885906ms] [LOG] undefined @ :2
[ 1886566ms] [LOG] Load or reload the Optimeeze datalayer @ https://leroymerlines.tracking.optimeeze.data.adeo.cloud/op_t-jz8343zt372d4p45w7srz3cv-min.js:1
